[20Nov2025 13:22:03.932] [main/INFO] [cpw.mods.modlauncher.Launcher/MODLAUNCHER]: ModLauncher running: args [--launchTarget, forgeclientuserdev, --version, MOD_DEV, --assetIndex, 5, --assetsDir, C:\Users\sampw\.gradle\caches\forge_gradle\assets, --gameDir, ., --fml.forgeVersion, 47.4.10, --fml.mcVersion, 1.20.1, --fml.forgeGroup, net.minecraftforge, --fml.mcpVersion, 20230612.114412, --mixin.config, tjetpacks.mixins.json]
[20Nov2025 13:22:03.947] [main/INFO] [cpw.mods.modlauncher.Launcher/MODLAUNCHER]: ModLauncher 10.0.9+10.0.9+main.dcd20f30 starting: java version 17.0.1 by Oracle Corporation; OS Windows 10 arch amd64 version 10.0
[20Nov2025 13:22:04.032] [main/DEBUG] [cpw.mods.modlauncher.LaunchServiceHandler/MODLAUNCHER]: Found launch services [fmlclientdev,forgeclient,minecraft,forgegametestserverdev,fmlserveruserdev,fmlclient,fmldatauserdev,forgeserverdev,forgeserveruserdev,forgeclientdev,forgeclientuserdev,forgeserver,forgedatadev,fmlserver,fmlclientuserdev,fmlserverdev,forgedatauserdev,testharness,forgegametestserveruserdev]
[20Nov2025 13:22:04.066] [main/DEBUG] [cpw.mods.modlauncher.NameMappingServiceHandler/MODLAUNCHER]: Found naming services : [srgtomcp]
[20Nov2025 13:22:04.097] [main/DEBUG] [cpw.mods.modlauncher.LaunchPluginHandler/MODLAUNCHER]: Found launch plugins: [mixin,eventbus,slf4jfixer,object_holder_definalize,runtime_enum_extender,capability_token_subclass,accesstransformer,runtimedistcleaner]
[20Nov2025 13:22:04.117] [main/DEBUG] [cpw.mods.modlauncher.TransformationServicesHandler/MODLAUNCHER]: Discovering transformation services
[20Nov2025 13:22:04.126] [main/DEBUG] [net.minecraftforge.fml.loading.FMLPaths/CORE]: Path GAMEDIR is C:\Local Files\minecraft\Minecraft Mods\Thermal-Jetpacks\run
[20Nov2025 13:22:04.127] [main/DEBUG] [net.minecraftforge.fml.loading.FMLPaths/CORE]: Path MODSDIR is C:\Local Files\minecraft\Minecraft Mods\Thermal-Jetpacks\run\mods
[20Nov2025 13:22:04.128] [main/DEBUG] [net.minecraftforge.fml.loading.FMLPaths/CORE]: Path CONFIGDIR is C:\Local Files\minecraft\Minecraft Mods\Thermal-Jetpacks\run\config
[20Nov2025 13:22:04.129] [main/DEBUG] [net.minecraftforge.fml.loading.FMLPaths/CORE]: Path FMLCONFIG is C:\Local Files\minecraft\Minecraft Mods\Thermal-Jetpacks\run\config\fml.toml
[20Nov2025 13:22:04.210] [main/DEBUG] [cpw.mods.modlauncher.TransformationServicesHandler/MODLAUNCHER]: Found additional transformation services from discovery services: 
[20Nov2025 13:22:04.228] [main/INFO] [net.minecraftforge.fml.loading.ImmediateWindowHandler/]: Loading ImmediateWindowProvider fmlearlywindow
[20Nov2025 13:22:04.442] [main/INFO] [EARLYDISPLAY/]: Trying GL version 4.6
[20Nov2025 13:22:04.632] [main/INFO] [EARLYDISPLAY/]: Requested GL version 4.6 got version 4.6
[20Nov2025 13:22:04.738] [main/DEBUG] [cpw.mods.modlauncher.TransformationServicesHandler/MODLAUNCHER]: Found transformer services : [mixin,fml]
[20Nov2025 13:22:04.738] [main/DEBUG] [cpw.mods.modlauncher.TransformationServicesHandler/MODLAUNCHER]: Transformation services loading
[20Nov2025 13:22:04.741] [main/DEBUG] [cpw.mods.modlauncher.TransformationServiceDecorator/MODLAUNCHER]: Loading service mixin
[20Nov2025 13:22:04.742] [main/DEBUG] [cpw.mods.modlauncher.TransformationServiceDecorator/MODLAUNCHER]: Loaded service mixin
[20Nov2025 13:22:04.743] [main/DEBUG] [cpw.mods.modlauncher.TransformationServiceDecorator/MODLAUNCHER]: Loading service fml
[20Nov2025 13:22:04.745] [main/DEBUG] [net.minecraftforge.fml.loading.LauncherVersion/CORE]: Found FMLLauncher version 1.0
[20Nov2025 13:22:04.746] [main/DEBUG] [net.minecraftforge.fml.loading.FMLLoader/CORE]: FML 1.0 loading
[20Nov2025 13:22:04.747] [main/DEBUG] [net.minecraftforge.fml.loading.FMLLoader/CORE]: FML found ModLauncher version : 10.0.9+10.0.9+main.dcd20f30
[20Nov2025 13:22:04.748] [main/DEBUG] [net.minecraftforge.fml.loading.FMLLoader/CORE]: Requesting CoreMods to not apply the fix for ASMAPI.findFirstInstructionBefore by default
[20Nov2025 13:22:04.750] [main/DEBUG] [net.minecraftforge.fml.loading.FMLLoader/CORE]: FML found AccessTransformer version : 8.0.4+66+master.c09db6d7
[20Nov2025 13:22:04.752] [main/DEBUG] [net.minecraftforge.fml.loading.FMLLoader/CORE]: FML found EventBus version : 6.0.5+6.0.5+master.eb8e549b
[20Nov2025 13:22:04.753] [main/DEBUG] [net.minecraftforge.fml.loading.FMLLoader/CORE]: Found Runtime Dist Cleaner
[20Nov2025 13:22:04.757] [main/DEBUG] [net.minecraftforge.coremod.CoreModEngine/]: CoreMods will preserve legacy behavior of ASMAPI.findFirstInstructionBefore for backwards-compatibility
[20Nov2025 13:22:04.758] [main/DEBUG] [net.minecraftforge.fml.loading.FMLLoader/CORE]: FML found CoreMod version : 5.2.4
[20Nov2025 13:22:04.759] [main/DEBUG] [net.minecraftforge.fml.loading.FMLLoader/CORE]: Found ForgeSPI package implementation version 7.0.1+7.0.1+master.d2b38bf6
[20Nov2025 13:22:04.760] [main/DEBUG] [net.minecraftforge.fml.loading.FMLLoader/CORE]: Found ForgeSPI package specification 5
[20Nov2025 13:22:04.760] [main/DEBUG] [cpw.mods.modlauncher.TransformationServiceDecorator/MODLAUNCHER]: Loaded service fml
[20Nov2025 13:22:04.763] [main/DEBUG] [cpw.mods.modlauncher.TransformationServicesHandler/MODLAUNCHER]: Configuring option handling for services
[20Nov2025 13:22:04.780] [main/DEBUG] [cpw.mods.modlauncher.TransformationServicesHandler/MODLAUNCHER]: Transformation services initializing
[20Nov2025 13:22:04.783] [main/DEBUG] [cpw.mods.modlauncher.TransformationServiceDecorator/MODLAUNCHER]: Initializing transformation service mixin
[20Nov2025 13:22:04.818] [main/DEBUG] [mixin/]: MixinService [ModLauncher] was successfully booted in cpw.mods.cl.ModuleClassLoader@13e39c73
[20Nov2025 13:22:04.872] [main/INFO] [mixin/]: SpongePowered MIXIN Subsystem Version=0.8.5 Source=union:/C:/Users/sampw/.gradle/caches/modules-2/files-2.1/org.spongepowered/mixin/0.8.5/9d1c0c3a304ae6697ecd477218fa61b850bf57fc/mixin-0.8.5.jar%23128!/ Service=ModLauncher Env=CLIENT
[20Nov2025 13:22:04.872] [pool-2-thread-1/INFO] [EARLYDISPLAY/]: GL info: AMD Radeon(TM) Graphics GL version 4.6.0 Core Profile Context 25.8.1.250617, ATI Technologies Inc.
[20Nov2025 13:22:04.882] [main/DEBUG] [mixin/]: Initialising Mixin Platform Manager
[20Nov2025 13:22:04.883] [main/DEBUG] [mixin/]: Adding mixin platform agents for container ModLauncher Root Container(ModLauncher:4f56a0a2)
[20Nov2025 13:22:04.886] [main/DEBUG] [mixin/]: Instancing new MixinPlatformAgentMinecraftForge for ModLauncher Root Container(ModLauncher:4f56a0a2)
[20Nov2025 13:22:04.887] [main/DEBUG] [mixin/]: MixinPlatformAgentMinecraftForge rejected container ModLauncher Root Container(ModLauncher:4f56a0a2)
[20Nov2025 13:22:04.892] [main/DEBUG] [mixin/]: Instancing new MixinPlatformAgentDefault for ModLauncher Root Container(ModLauncher:4f56a0a2)
[20Nov2025 13:22:04.892] [main/DEBUG] [mixin/]: MixinPlatformAgentDefault accepted container ModLauncher Root Container(ModLauncher:4f56a0a2)
[20Nov2025 13:22:04.899] [main/DEBUG] [cpw.mods.modlauncher.TransformationServiceDecorator/MODLAUNCHER]: Initialized transformation service mixin
[20Nov2025 13:22:04.899] [main/DEBUG] [cpw.mods.modlauncher.TransformationServiceDecorator/MODLAUNCHER]: Initializing transformation service fml
[20Nov2025 13:22:04.900] [main/DEBUG] [net.minecraftforge.fml.loading.FMLServiceProvider/CORE]: Setting up basic FML game directories
[20Nov2025 13:22:04.902] [main/DEBUG] [net.minecraftforge.fml.loading.FMLPaths/CORE]: Path GAMEDIR is C:\Local Files\minecraft\Minecraft Mods\Thermal-Jetpacks\run
[20Nov2025 13:22:04.902] [main/DEBUG] [net.minecraftforge.fml.loading.FMLPaths/CORE]: Path MODSDIR is C:\Local Files\minecraft\Minecraft Mods\Thermal-Jetpacks\run\mods
[20Nov2025 13:22:04.904] [main/DEBUG] [net.minecraftforge.fml.loading.FMLPaths/CORE]: Path CONFIGDIR is C:\Local Files\minecraft\Minecraft Mods\Thermal-Jetpacks\run\config
[20Nov2025 13:22:04.905] [main/DEBUG] [net.minecraftforge.fml.loading.FMLPaths/CORE]: Path FMLCONFIG is C:\Local Files\minecraft\Minecraft Mods\Thermal-Jetpacks\run\config\fml.toml
[20Nov2025 13:22:04.906] [main/DEBUG] [net.minecraftforge.fml.loading.FMLServiceProvider/CORE]: Loading configuration
[20Nov2025 13:22:04.914] [main/DEBUG] [net.minecraftforge.fml.loading.FMLServiceProvider/CORE]: Preparing ModFile
[20Nov2025 13:22:04.921] [main/DEBUG] [net.minecraftforge.fml.loading.FMLServiceProvider/CORE]: Preparing launch handler
[20Nov2025 13:22:04.922] [main/DEBUG] [net.minecraftforge.fml.loading.FMLLoader/CORE]: Using forgeclientuserdev as launch service
[20Nov2025 13:22:04.955] [main/DEBUG] [net.minecraftforge.fml.loading.FMLLoader/CORE]: Received command line version data  : VersionInfo[forgeVersion=47.4.10, mcVersion=1.20.1, mcpVersion=20230612.114412, forgeGroup=net.minecraftforge]
[20Nov2025 13:22:04.958] [main/DEBUG] [cpw.mods.modlauncher.TransformationServiceDecorator/MODLAUNCHER]: Initialized transformation service fml
[20Nov2025 13:22:04.959] [main/DEBUG] [cpw.mods.modlauncher.NameMappingServiceHandler/MODLAUNCHER]: Current naming domain is 'mcp'
[20Nov2025 13:22:04.962] [main/DEBUG] [cpw.mods.modlauncher.NameMappingServiceHandler/MODLAUNCHER]: Identified name mapping providers {srg=srgtomcp:1234}
[20Nov2025 13:22:04.963] [main/DEBUG] [cpw.mods.modlauncher.TransformationServicesHandler/MODLAUNCHER]: Transformation services begin scanning
[20Nov2025 13:22:04.966] [main/DEBUG] [cpw.mods.modlauncher.TransformationServiceDecorator/MODLAUNCHER]: Beginning scan trigger - transformation service mixin
[20Nov2025 13:22:04.967] [main/DEBUG] [cpw.mods.modlauncher.TransformationServiceDecorator/MODLAUNCHER]: End scan trigger - transformation service mixin
[20Nov2025 13:22:04.967] [main/DEBUG] [cpw.mods.modlauncher.TransformationServiceDecorator/MODLAUNCHER]: Beginning scan trigger - transformation service fml
[20Nov2025 13:22:04.968] [main/DEBUG] [net.minecraftforge.fml.loading.FMLServiceProvider/CORE]: Initiating mod scan
[20Nov2025 13:22:04.995] [main/DEBUG] [net.minecraftforge.fml.loading.moddiscovery.ModListHandler/CORE]: Found mod coordinates from lists: []
[20Nov2025 13:22:05.019] [main/DEBUG] [net.minecraftforge.fml.loading.moddiscovery.ModDiscoverer/CORE]: Found Mod Locators : (mods folder:null),(maven libs:null),(exploded directory:null),(minecraft:null),(userdev classpath:null)
[20Nov2025 13:22:05.020] [main/DEBUG] [net.minecraftforge.fml.loading.moddiscovery.ModDiscoverer/CORE]: Found Dependency Locators : (JarInJar:null)
[20Nov2025 13:22:05.039] [main/DEBUG] [net.minecraftforge.fml.loading.targets.CommonLaunchHandler/CORE]: Got mod coordinates tjetpacks%%C:\Local Files\minecraft\Minecraft Mods\Thermal-Jetpacks\build\resources\main;tjetpacks%%C:\Local Files\minecraft\Minecraft Mods\Thermal-Jetpacks\build\classes\java\main from env
[20Nov2025 13:22:05.043] [main/DEBUG] [net.minecraftforge.fml.loading.targets.CommonLaunchHandler/CORE]: Found supplied mod coordinates [{tjetpacks=[C:\Local Files\minecraft\Minecraft Mods\Thermal-Jetpacks\build\resources\main, C:\Local Files\minecraft\Minecraft Mods\Thermal-Jetpacks\build\classes\java\main]}]
[20Nov2025 13:22:05.469] [main/DEBUG] [net.minecraftforge.fml.loading.moddiscovery.ModFileInfo/LOADING]: Found valid mod file forge-1.20.1-47.4.10_mapped_official_1.20.1.jar with {minecraft} mods - versions {1.20.1}
[20Nov2025 13:22:05.481] [main/DEBUG] [net.minecraftforge.fml.loading.moddiscovery.ModFileParser/LOADING]: Considering mod file candidate C:\Users\sampw\.gradle\caches\modules-2\files-2.1\net.minecraftforge\javafmllanguage\1.20.1-47.4.10\ccc533c7dd67e0983217197d7549c8b49e7ab453\javafmllanguage-1.20.1-47.4.10.jar
[20Nov2025 13:22:05.482] [main/WARN] [net.minecraftforge.fml.loading.moddiscovery.ModFileParser/LOADING]: Mod file C:\Users\sampw\.gradle\caches\modules-2\files-2.1\net.minecraftforge\javafmllanguage\1.20.1-47.4.10\ccc533c7dd67e0983217197d7549c8b49e7ab453\javafmllanguage-1.20.1-47.4.10.jar is missing mods.toml file
[20Nov2025 13:22:05.491] [main/DEBUG] [net.minecraftforge.fml.loading.moddiscovery.ModFileParser/LOADING]: Considering mod file candidate C:\Users\sampw\.gradle\caches\modules-2\files-2.1\net.minecraftforge\lowcodelanguage\1.20.1-47.4.10\e9a2879fe3612ea34b9728ec2633304a1e67d480\lowcodelanguage-1.20.1-47.4.10.jar
[20Nov2025 13:22:05.491] [main/WARN] [net.minecraftforge.fml.loading.moddiscovery.ModFileParser/LOADING]: Mod file C:\Users\sampw\.gradle\caches\modules-2\files-2.1\net.minecraftforge\lowcodelanguage\1.20.1-47.4.10\e9a2879fe3612ea34b9728ec2633304a1e67d480\lowcodelanguage-1.20.1-47.4.10.jar is missing mods.toml file
[20Nov2025 13:22:05.499] [main/DEBUG] [net.minecraftforge.fml.loading.moddiscovery.ModFileParser/LOADING]: Considering mod file candidate C:\Users\sampw\.gradle\caches\modules-2\files-2.1\net.minecraftforge\mclanguage\1.20.1-47.4.10\ec5cefbbc65c67302b8fac317010faab85fa14b9\mclanguage-1.20.1-47.4.10.jar
[20Nov2025 13:22:05.500] [main/WARN] [net.minecraftforge.fml.loading.moddiscovery.ModFileParser/LOADING]: Mod file C:\Users\sampw\.gradle\caches\modules-2\files-2.1\net.minecraftforge\mclanguage\1.20.1-47.4.10\ec5cefbbc65c67302b8fac317010faab85fa14b9\mclanguage-1.20.1-47.4.10.jar is missing mods.toml file
[20Nov2025 13:22:05.509] [main/DEBUG] [net.minecraftforge.fml.loading.moddiscovery.ModFileParser/LOADING]: Considering mod file candidate C:\Users\sampw\.gradle\caches\modules-2\files-2.1\net.minecraftforge\fmlcore\1.20.1-47.4.10\94dae566be650566ea9115a1414ab76bfcf5a804\fmlcore-1.20.1-47.4.10.jar
[20Nov2025 13:22:05.509] [main/WARN] [net.minecraftforge.fml.loading.moddiscovery.ModFileParser/LOADING]: Mod file C:\Users\sampw\.gradle\caches\modules-2\files-2.1\net.minecraftforge\fmlcore\1.20.1-47.4.10\94dae566be650566ea9115a1414ab76bfcf5a804\fmlcore-1.20.1-47.4.10.jar is missing mods.toml file
[20Nov2025 13:22:05.521] [main/DEBUG] [net.minecraftforge.fml.loading.moddiscovery.ModFileParser/LOADING]: Considering mod file candidate C:\Local Files\minecraft\Minecraft Mods\Thermal-Jetpacks\build\resources\main
[20Nov2025 13:22:05.538] [main/DEBUG] [net.minecraftforge.fml.loading.moddiscovery.ModFileInfo/LOADING]: Found valid mod file main with {tjetpacks} mods - versions {1.3.0}
[20Nov2025 13:22:05.541] [main/DEBUG] [net.minecraftforge.fml.loading.moddiscovery.ModFileParser/LOADING]: Considering mod file candidate /
[20Nov2025 13:22:05.548] [main/DEBUG] [net.minecraftforge.fml.loading.moddiscovery.ModFileInfo/LOADING]: Found valid mod file  with {forge} mods - versions {47.4.10}
[20Nov2025 13:22:05.594] [main/DEBUG] [net.minecraftforge.fml.loading.moddiscovery.ModFileParser/LOADING]: Considering mod file candidate C:\Users\sampw\.gradle\caches\forge_gradle\deobf_dependencies\top\theillusivec4\curios\curios-forge\5.9.1+1.20.1_mapped_official_1.20.1\curios-forge-5.9.1+1.20.1_mapped_official_1.20.1.jar
[20Nov2025 13:22:05.601] [main/DEBUG] [net.minecraftforge.fml.loading.moddiscovery.ModFileInfo/LOADING]: Found valid mod file curios-forge-5.9.1+1.20.1_mapped_official_1.20.1.jar with {curios} mods - versions {5.9.1+1.20.1}
[20Nov2025 13:22:05.611] [main/DEBUG] [net.minecraftforge.fml.loading.moddiscovery.ModFileParser/LOADING]: Considering mod file candidate C:\Users\sampw\.gradle\caches\forge_gradle\deobf_dependencies\curse\maven\cofhcore-69162\5374122_mapped_official_1.20.1\cofhcore-69162-5374122_mapped_official_1.20.1.jar
[20Nov2025 13:22:05.613] [main/DEBUG] [net.minecraftforge.fml.loading.moddiscovery.ModFileInfo/LOADING]: Found valid mod file cofhcore-69162-5374122_mapped_official_1.20.1.jar with {cofh_core} mods - versions {11.0.2}
[20Nov2025 13:22:05.624] [main/DEBUG] [net.minecraftforge.fml.loading.moddiscovery.ModFileParser/LOADING]: Considering mod file candidate C:\Users\sampw\.gradle\caches\forge_gradle\deobf_dependencies\curse\maven\thermalfoundation-222880\5443583_mapped_official_1.20.1\thermalfoundation-222880-5443583_mapped_official_1.20.1.jar
[20Nov2025 13:22:05.627] [main/DEBUG] [net.minecraftforge.fml.loading.moddiscovery.ModFileInfo/LOADING]: Found valid mod file thermalfoundation-222880-5443583_mapped_official_1.20.1.jar with {thermal_foundation} mods - versions {11.0.6}
[20Nov2025 13:22:05.638] [main/DEBUG] [net.minecraftforge.fml.loading.moddiscovery.ModFileParser/LOADING]: Considering mod file candidate C:\Users\sampw\.gradle\caches\forge_gradle\deobf_dependencies\curse\maven\thermalexpansion-69163\5372749_mapped_official_1.20.1\thermalexpansion-69163-5372749_mapped_official_1.20.1.jar
[20Nov2025 13:22:05.641] [main/DEBUG] [net.minecraftforge.fml.loading.moddiscovery.ModFileInfo/LOADING]: Found valid mod file thermalexpansion-69163-5372749_mapped_official_1.20.1.jar with {thermal_expansion} mods - versions {11.0.1}
[20Nov2025 13:22:05.651] [main/DEBUG] [net.minecraftforge.fml.loading.moddiscovery.ModFileParser/LOADING]: Considering mod file candidate C:\Users\sampw\.gradle\caches\forge_gradle\deobf_dependencies\curse\maven\thermalinnovation-291737\5372751_mapped_official_1.20.1\thermalinnovation-291737-5372751_mapped_official_1.20.1.jar
[20Nov2025 13:22:05.654] [main/DEBUG] [net.minecraftforge.fml.loading.moddiscovery.ModFileInfo/LOADING]: Found valid mod file thermalinnovation-291737-5372751_mapped_official_1.20.1.jar with {thermal_innovation} mods - versions {11.0.1}
[20Nov2025 13:22:05.664] [main/DEBUG] [net.minecraftforge.fml.loading.moddiscovery.ModFileParser/LOADING]: Considering mod file candidate C:\Users\sampw\.gradle\caches\forge_gradle\deobf_dependencies\curse\maven\thermal-dynamics-227443\5372747_mapped_official_1.20.1\thermal-dynamics-227443-5372747_mapped_official_1.20.1.jar
[20Nov2025 13:22:05.667] [main/DEBUG] [net.minecraftforge.fml.loading.moddiscovery.ModFileInfo/LOADING]: Found valid mod file thermal-dynamics-227443-5372747_mapped_official_1.20.1.jar with {thermal_dynamics} mods - versions {11.0.1}
[20Nov2025 13:22:05.678] [main/DEBUG] [net.minecraftforge.fml.loading.moddiscovery.ModFileParser/LOADING]: Considering mod file candidate C:\Users\sampw\.gradle\caches\forge_gradle\deobf_dependencies\top\theillusivec4\curios\curios-forge\5.9.1+1.20.1_mapped_official_1.20.1\curios-forge-5.9.1+1.20.1_mapped_official_1.20.1.jar
[20Nov2025 13:22:05.680] [main/DEBUG] [net.minecraftforge.fml.loading.moddiscovery.ModFileInfo/LOADING]: Found valid mod file curios-forge-5.9.1+1.20.1_mapped_official_1.20.1.jar with {curios} mods - versions {5.9.1+1.20.1}
[20Nov2025 13:22:05.689] [main/DEBUG] [net.minecraftforge.fml.loading.moddiscovery.ModFileParser/LOADING]: Considering mod file candidate C:\Users\sampw\.gradle\caches\forge_gradle\deobf_dependencies\curse\maven\cofhcore-69162\5374122_mapped_official_1.20.1\cofhcore-69162-5374122_mapped_official_1.20.1.jar
[20Nov2025 13:22:05.692] [main/DEBUG] [net.minecraftforge.fml.loading.moddiscovery.ModFileInfo/LOADING]: Found valid mod file cofhcore-69162-5374122_mapped_official_1.20.1.jar with {cofh_core} mods - versions {11.0.2}
[20Nov2025 13:22:05.703] [main/DEBUG] [net.minecraftforge.fml.loading.moddiscovery.ModFileParser/LOADING]: Considering mod file candidate C:\Users\sampw\.gradle\caches\forge_gradle\deobf_dependencies\curse\maven\thermalfoundation-222880\5443583_mapped_official_1.20.1\thermalfoundation-222880-5443583_mapped_official_1.20.1.jar
[20Nov2025 13:22:05.706] [main/DEBUG] [net.minecraftforge.fml.loading.moddiscovery.ModFileInfo/LOADING]: Found valid mod file thermalfoundation-222880-5443583_mapped_official_1.20.1.jar with {thermal_foundation} mods - versions {11.0.6}
[20Nov2025 13:22:05.714] [main/DEBUG] [net.minecraftforge.fml.loading.moddiscovery.ModFileParser/LOADING]: Considering mod file candidate C:\Users\sampw\.gradle\caches\forge_gradle\deobf_dependencies\curse\maven\thermalexpansion-69163\5372749_mapped_official_1.20.1\thermalexpansion-69163-5372749_mapped_official_1.20.1.jar
[20Nov2025 13:22:05.716] [main/DEBUG] [net.minecraftforge.fml.loading.moddiscovery.ModFileInfo/LOADING]: Found valid mod file thermalexpansion-69163-5372749_mapped_official_1.20.1.jar with {thermal_expansion} mods - versions {11.0.1}
[20Nov2025 13:22:05.725] [main/DEBUG] [net.minecraftforge.fml.loading.moddiscovery.ModFileParser/LOADING]: Considering mod file candidate C:\Users\sampw\.gradle\caches\forge_gradle\deobf_dependencies\curse\maven\thermalinnovation-291737\5372751_mapped_official_1.20.1\thermalinnovation-291737-5372751_mapped_official_1.20.1.jar
[20Nov2025 13:22:05.727] [main/DEBUG] [net.minecraftforge.fml.loading.moddiscovery.ModFileInfo/LOADING]: Found valid mod file thermalinnovation-291737-5372751_mapped_official_1.20.1.jar with {thermal_innovation} mods - versions {11.0.1}
[20Nov2025 13:22:05.735] [main/DEBUG] [net.minecraftforge.fml.loading.moddiscovery.ModFileParser/LOADING]: Considering mod file candidate C:\Users\sampw\.gradle\caches\forge_gradle\deobf_dependencies\curse\maven\thermal-dynamics-227443\5372747_mapped_official_1.20.1\thermal-dynamics-227443-5372747_mapped_official_1.20.1.jar
[20Nov2025 13:22:05.736] [main/DEBUG] [net.minecraftforge.fml.loading.moddiscovery.ModFileInfo/LOADING]: Found valid mod file thermal-dynamics-227443-5372747_mapped_official_1.20.1.jar with {thermal_dynamics} mods - versions {11.0.1}
[20Nov2025 13:22:05.811] [main/DEBUG] [net.minecraftforge.fml.loading.UniqueModListBuilder/]: Found 2 mods for first modid thermal_expansion, selecting most recent based on version data
[20Nov2025 13:22:05.812] [main/DEBUG] [net.minecraftforge.fml.loading.UniqueModListBuilder/]: Selected file thermalexpansion-69163-5372749_mapped_official_1.20.1.jar for modid thermal_expansion with version 11.0.1
[20Nov2025 13:22:05.812] [main/DEBUG] [net.minecraftforge.fml.loading.UniqueModListBuilder/]: Found 2 mods for first modid thermal_foundation, selecting most recent based on version data
[20Nov2025 13:22:05.813] [main/DEBUG] [net.minecraftforge.fml.loading.UniqueModListBuilder/]: Selected file thermalfoundation-222880-5443583_mapped_official_1.20.1.jar for modid thermal_foundation with version 11.0.6
[20Nov2025 13:22:05.815] [main/DEBUG] [net.minecraftforge.fml.loading.UniqueModListBuilder/]: Found 2 mods for first modid thermal_innovation, selecting most recent based on version data
[20Nov2025 13:22:05.815] [main/DEBUG] [net.minecraftforge.fml.loading.UniqueModListBuilder/]: Selected file thermalinnovation-291737-5372751_mapped_official_1.20.1.jar for modid thermal_innovation with version 11.0.1
[20Nov2025 13:22:05.816] [main/DEBUG] [net.minecraftforge.fml.loading.UniqueModListBuilder/]: Found 2 mods for first modid cofh_core, selecting most recent based on version data
[20Nov2025 13:22:05.816] [main/DEBUG] [net.minecraftforge.fml.loading.UniqueModListBuilder/]: Selected file cofhcore-69162-5374122_mapped_official_1.20.1.jar for modid cofh_core with version 11.0.2
[20Nov2025 13:22:05.816] [main/DEBUG] [net.minecraftforge.fml.loading.UniqueModListBuilder/]: Found 2 mods for first modid curios, selecting most recent based on version data
[20Nov2025 13:22:05.817] [main/DEBUG] [net.minecraftforge.fml.loading.UniqueModListBuilder/]: Selected file curios-forge-5.9.1+1.20.1_mapped_official_1.20.1.jar for modid curios with version 5.9.1+1.20.1
[20Nov2025 13:22:05.817] [main/DEBUG] [net.minecraftforge.fml.loading.UniqueModListBuilder/]: Found 2 mods for first modid thermal_dynamics, selecting most recent based on version data
[20Nov2025 13:22:05.817] [main/DEBUG] [net.minecraftforge.fml.loading.UniqueModListBuilder/]: Selected file thermal-dynamics-227443-5372747_mapped_official_1.20.1.jar for modid thermal_dynamics with version 11.0.1
[20Nov2025 13:22:05.832] [main/DEBUG] [net.minecraftforge.fml.loading.moddiscovery.AbstractJarFileDependencyLocator/]: Failed to load resource META-INF\jarjar\metadata.json from forge-1.20.1-47.4.10_mapped_official_1.20.1.jar, it does not contain dependency information.
[20Nov2025 13:22:05.833] [main/DEBUG] [net.minecraftforge.fml.loading.moddiscovery.AbstractJarFileDependencyLocator/]: Failed to load resource META-INF\jarjar\metadata.json from thermalexpansion-69163-5372749_mapped_official_1.20.1.jar, it does not contain dependency information.
[20Nov2025 13:22:05.834] [main/DEBUG] [net.minecraftforge.fml.loading.moddiscovery.AbstractJarFileDependencyLocator/]: Failed to load resource META-INF\jarjar\metadata.json from thermalinnovation-291737-5372751_mapped_official_1.20.1.jar, it does not contain dependency information.
[20Nov2025 13:22:05.836] [main/DEBUG] [net.minecraftforge.fml.loading.moddiscovery.AbstractJarFileDependencyLocator/]: Failed to load resource META-INF\jarjar\metadata.json from cofhcore-69162-5374122_mapped_official_1.20.1.jar, it does not contain dependency information.
[20Nov2025 13:22:05.837] [main/DEBUG] [net.minecraftforge.fml.loading.moddiscovery.AbstractJarFileDependencyLocator/]: Failed to load resource META-INF\jarjar\metadata.json from , it does not contain dependency information.
[20Nov2025 13:22:05.837] [main/DEBUG] [net.minecraftforge.fml.loading.moddiscovery.AbstractJarFileDependencyLocator/]: Failed to load resource META-INF\jarjar\metadata.json from curios-forge-5.9.1+1.20.1_mapped_official_1.20.1.jar, it does not contain dependency information.
[20Nov2025 13:22:05.837] [main/DEBUG] [net.minecraftforge.fml.loading.moddiscovery.AbstractJarFileDependencyLocator/]: Failed to load resource META-INF\jarjar\metadata.json from thermal-dynamics-227443-5372747_mapped_official_1.20.1.jar, it does not contain dependency information.
[20Nov2025 13:22:05.838] [main/DEBUG] [net.minecraftforge.fml.loading.moddiscovery.AbstractJarFileDependencyLocator/]: Failed to load resource META-INF\jarjar\metadata.json from main, it does not contain dependency information.
[20Nov2025 13:22:05.839] [main/DEBUG] [net.minecraftforge.fml.loading.moddiscovery.AbstractJarFileDependencyLocator/]: Failed to load resource META-INF\jarjar\metadata.json from mclanguage-1.20.1-47.4.10.jar, it does not contain dependency information.
[20Nov2025 13:22:05.840] [main/DEBUG] [net.minecraftforge.fml.loading.moddiscovery.AbstractJarFileDependencyLocator/]: Failed to load resource META-INF\jarjar\metadata.json from javafmllanguage-1.20.1-47.4.10.jar, it does not contain dependency information.
[20Nov2025 13:22:05.841] [main/DEBUG] [net.minecraftforge.fml.loading.moddiscovery.AbstractJarFileDependencyLocator/]: Failed to load resource META-INF\jarjar\metadata.json from fmlcore-1.20.1-47.4.10.jar, it does not contain dependency information.
[20Nov2025 13:22:05.841] [main/DEBUG] [net.minecraftforge.fml.loading.moddiscovery.AbstractJarFileDependencyLocator/]: Failed to load resource META-INF\jarjar\metadata.json from lowcodelanguage-1.20.1-47.4.10.jar, it does not contain dependency information.
[20Nov2025 13:22:06.069] [main/DEBUG] [net.minecraftforge.fml.loading.moddiscovery.ModFileParser/LOADING]: Considering mod file candidate 
[20Nov2025 13:22:06.071] [main/DEBUG] [net.minecraftforge.fml.loading.moddiscovery.ModFileInfo/LOADING]: Found valid mod file thermal_core-1.20.1-11.0.6.24.jar with {thermal} mods - versions {11.0.6}
[20Nov2025 13:22:06.072] [main/DEBUG] [net.minecraftforge.fml.loading.moddiscovery.AbstractJarFileDependencyLocator/]: Failed to load resource META-INF\jarjar\metadata.json from thermal_core-1.20.1-11.0.6.24.jar, it does not contain dependency information.
[20Nov2025 13:22:06.188] [main/DEBUG] [net.minecraftforge.fml.loading.moddiscovery.ModFileParser/LOADING]: Considering mod file candidate 
[20Nov2025 13:22:06.189] [main/DEBUG] [net.minecraftforge.fml.loading.moddiscovery.ModFileInfo/LOADING]: Found valid mod file thermal_core-1.20.1-11.0.6.24.jar with {thermal} mods - versions {11.0.6}
[20Nov2025 13:22:06.193] [main/INFO] [net.minecraftforge.fml.loading.moddiscovery.JarInJarDependencyLocator/]: Found 1 dependencies adding them to mods collection
[20Nov2025 13:22:06.198] [main/DEBUG] [net.minecraftforge.fml.loading.moddiscovery.ModFileInfo/LOADING]: Found valid mod file forge-1.20.1-47.4.10_mapped_official_1.20.1.jar with {minecraft} mods - versions {1.20.1}
[20Nov2025 13:22:06.204] [main/DEBUG] [net.minecraftforge.fml.loading.moddiscovery.ModFile/LOADING]: Loading mod file C:\Users\sampw\.gradle\caches\forge_gradle\minecraft_user_repo\net\minecraftforge\forge\1.20.1-47.4.10_mapped_official_1.20.1\forge-1.20.1-47.4.10_mapped_official_1.20.1.jar with languages [LanguageSpec[languageName=minecraft, acceptedVersions=1]]
[20Nov2025 13:22:06.206] [main/DEBUG] [net.minecraftforge.fml.loading.moddiscovery.ModFileParser/LOADING]: Considering mod file candidate C:\Users\sampw\.gradle\caches\forge_gradle\deobf_dependencies\curse\maven\thermalfoundation-222880\5443583_mapped_official_1.20.1\thermalfoundation-222880-5443583_mapped_official_1.20.1.jar
[20Nov2025 13:22:06.208] [main/DEBUG] [net.minecraftforge.fml.loading.moddiscovery.ModFileInfo/LOADING]: Found valid mod file thermalfoundation-222880-5443583_mapped_official_1.20.1.jar with {thermal_foundation} mods - versions {11.0.6}
[20Nov2025 13:22:06.208] [main/DEBUG] [net.minecraftforge.fml.loading.moddiscovery.ModFile/LOADING]: Loading mod file C:\Users\sampw\.gradle\caches\forge_gradle\deobf_dependencies\curse\maven\thermalfoundation-222880\5443583_mapped_official_1.20.1\thermalfoundation-222880-5443583_mapped_official_1.20.1.jar with languages [LanguageSpec[languageName=javafml, acceptedVersions=[47,)]]
[20Nov2025 13:22:06.210] [main/DEBUG] [net.minecraftforge.fml.loading.moddiscovery.ModFileParser/LOADING]: Considering mod file candidate C:\Users\sampw\.gradle\caches\forge_gradle\deobf_dependencies\curse\maven\thermalexpansion-69163\5372749_mapped_official_1.20.1\thermalexpansion-69163-5372749_mapped_official_1.20.1.jar
[20Nov2025 13:22:06.211] [main/DEBUG] [net.minecraftforge.fml.loading.moddiscovery.ModFileInfo/LOADING]: Found valid mod file thermalexpansion-69163-5372749_mapped_official_1.20.1.jar with {thermal_expansion} mods - versions {11.0.1}
[20Nov2025 13:22:06.212] [main/DEBUG] [net.minecraftforge.fml.loading.moddiscovery.ModFile/LOADING]: Loading mod file C:\Users\sampw\.gradle\caches\forge_gradle\deobf_dependencies\curse\maven\thermalexpansion-69163\5372749_mapped_official_1.20.1\thermalexpansion-69163-5372749_mapped_official_1.20.1.jar with languages [LanguageSpec[languageName=javafml, acceptedVersions=[47,)]]
[20Nov2025 13:22:06.213] [main/DEBUG] [net.minecraftforge.fml.loading.moddiscovery.ModFileParser/LOADING]: Considering mod file candidate C:\Users\sampw\.gradle\caches\forge_gradle\deobf_dependencies\curse\maven\thermalinnovation-291737\5372751_mapped_official_1.20.1\thermalinnovation-291737-5372751_mapped_official_1.20.1.jar
[20Nov2025 13:22:06.215] [main/DEBUG] [net.minecraftforge.fml.loading.moddiscovery.ModFileInfo/LOADING]: Found valid mod file thermalinnovation-291737-5372751_mapped_official_1.20.1.jar with {thermal_innovation} mods - versions {11.0.1}
[20Nov2025 13:22:06.216] [main/DEBUG] [net.minecraftforge.fml.loading.moddiscovery.ModFile/LOADING]: Loading mod file C:\Users\sampw\.gradle\caches\forge_gradle\deobf_dependencies\curse\maven\thermalinnovation-291737\5372751_mapped_official_1.20.1\thermalinnovation-291737-5372751_mapped_official_1.20.1.jar with languages [LanguageSpec[languageName=javafml, acceptedVersions=[47,)]]
[20Nov2025 13:22:06.216] [main/DEBUG] [net.minecraftforge.fml.loading.moddiscovery.ModFileParser/LOADING]: Considering mod file candidate /
[20Nov2025 13:22:06.218] [main/DEBUG] [net.minecraftforge.fml.loading.moddiscovery.ModFileInfo/LOADING]: Found valid mod file  with {forge} mods - versions {47.4.10}
[20Nov2025 13:22:06.218] [main/DEBUG] [net.minecraftforge.fml.loading.moddiscovery.ModFile/LOADING]: Loading mod file / with languages [LanguageSpec[languageName=javafml, acceptedVersions=[24,]]]
[20Nov2025 13:22:06.223] [main/DEBUG] [net.minecraftforge.fml.loading.moddiscovery.ModFileParser/LOADING]: Found coremod field_to_method with Javascript path coremods/field_to_method.js
[20Nov2025 13:22:06.223] [main/DEBUG] [net.minecraftforge.fml.loading.moddiscovery.ModFileParser/LOADING]: Found coremod field_to_instanceof with Javascript path coremods/field_to_instanceof.js
[20Nov2025 13:22:06.223] [main/DEBUG] [net.minecraftforge.fml.loading.moddiscovery.ModFileParser/LOADING]: Found coremod add_bouncer_method with Javascript path coremods/add_bouncer_method.js
[20Nov2025 13:22:06.223] [main/DEBUG] [net.minecraftforge.fml.loading.moddiscovery.ModFileParser/LOADING]: Found coremod method_redirector with Javascript path coremods/method_redirector.js
[20Nov2025 13:22:06.223] [main/DEBUG] [net.minecraftforge.fml.loading.moddiscovery.ModFile/LOADING]: Found coremod coremods/field_to_method.js
[20Nov2025 13:22:06.224] [main/DEBUG] [net.minecraftforge.fml.loading.moddiscovery.ModFile/LOADING]: Found coremod coremods/field_to_instanceof.js
[20Nov2025 13:22:06.224] [main/DEBUG] [net.minecraftforge.fml.loading.moddiscovery.ModFile/LOADING]: Found coremod coremods/add_bouncer_method.js
[20Nov2025 13:22:06.225] [main/DEBUG] [net.minecraftforge.fml.loading.moddiscovery.ModFile/LOADING]: Found coremod coremods/method_redirector.js
[20Nov2025 13:22:06.225] [main/DEBUG] [net.minecraftforge.fml.loading.moddiscovery.ModFileParser/LOADING]: Considering mod file candidate C:\Users\sampw\.gradle\caches\forge_gradle\deobf_dependencies\curse\maven\cofhcore-69162\5374122_mapped_official_1.20.1\cofhcore-69162-5374122_mapped_official_1.20.1.jar
[20Nov2025 13:22:06.226] [main/DEBUG] [net.minecraftforge.fml.loading.moddiscovery.ModFileInfo/LOADING]: Found valid mod file cofhcore-69162-5374122_mapped_official_1.20.1.jar with {cofh_core} mods - versions {11.0.2}
[20Nov2025 13:22:06.226] [main/DEBUG] [net.minecraftforge.fml.loading.moddiscovery.ModFile/LOADING]: Loading mod file C:\Users\sampw\.gradle\caches\forge_gradle\deobf_dependencies\curse\maven\cofhcore-69162\5374122_mapped_official_1.20.1\cofhcore-69162-5374122_mapped_official_1.20.1.jar with languages [LanguageSpec[languageName=javafml, acceptedVersions=[47,)]]
[20Nov2025 13:22:06.227] [main/DEBUG] [net.minecraftforge.fml.loading.moddiscovery.ModFileParser/LOADING]: Considering mod file candidate 
[20Nov2025 13:22:06.229] [main/DEBUG] [net.minecraftforge.fml.loading.moddiscovery.ModFileInfo/LOADING]: Found valid mod file thermal_core-1.20.1-11.0.6.24.jar with {thermal} mods - versions {11.0.6}
[20Nov2025 13:22:06.230] [main/DEBUG] [net.minecraftforge.fml.loading.moddiscovery.ModFile/LOADING]: Loading mod file  with languages [LanguageSpec[languageName=javafml, acceptedVersions=[47,)]]
[20Nov2025 13:22:06.230] [main/DEBUG] [net.minecraftforge.fml.loading.moddiscovery.ModFileParser/LOADING]: Considering mod file candidate C:\Users\sampw\.gradle\caches\forge_gradle\deobf_dependencies\top\theillusivec4\curios\curios-forge\5.9.1+1.20.1_mapped_official_1.20.1\curios-forge-5.9.1+1.20.1_mapped_official_1.20.1.jar
[20Nov2025 13:22:06.233] [main/DEBUG] [net.minecraftforge.fml.loading.moddiscovery.ModFileInfo/LOADING]: Found valid mod file curios-forge-5.9.1+1.20.1_mapped_official_1.20.1.jar with {curios} mods - versions {5.9.1+1.20.1}
[20Nov2025 13:22:06.233] [main/DEBUG] [net.minecraftforge.fml.loading.moddiscovery.ModFile/LOADING]: Loading mod file C:\Users\sampw\.gradle\caches\forge_gradle\deobf_dependencies\top\theillusivec4\curios\curios-forge\5.9.1+1.20.1_mapped_official_1.20.1\curios-forge-5.9.1+1.20.1_mapped_official_1.20.1.jar with languages [LanguageSpec[languageName=javafml, acceptedVersions=[41,)]]
[20Nov2025 13:22:06.234] [main/DEBUG] [net.minecraftforge.fml.loading.moddiscovery.ModFileParser/LOADING]: Considering mod file candidate C:\Local Files\minecraft\Minecraft Mods\Thermal-Jetpacks\build\resources\main
[20Nov2025 13:22:06.238] [main/DEBUG] [net.minecraftforge.fml.loading.moddiscovery.ModFileInfo/LOADING]: Found valid mod file main with {tjetpacks} mods - versions {1.3.0}
[20Nov2025 13:22:06.239] [main/DEBUG] [net.minecraftforge.fml.loading.moddiscovery.ModFile/LOADING]: Loading mod file C:\Local Files\minecraft\Minecraft Mods\Thermal-Jetpacks\build\resources\main with languages [LanguageSpec[languageName=javafml, acceptedVersions=[47,)]]
[20Nov2025 13:22:06.240] [main/DEBUG] [net.minecraftforge.fml.loading.moddiscovery.ModFileParser/LOADING]: Considering mod file candidate C:\Users\sampw\.gradle\caches\forge_gradle\deobf_dependencies\curse\maven\thermal-dynamics-227443\5372747_mapped_official_1.20.1\thermal-dynamics-227443-5372747_mapped_official_1.20.1.jar
[20Nov2025 13:22:06.241] [main/DEBUG] [net.minecraftforge.fml.loading.moddiscovery.ModFileInfo/LOADING]: Found valid mod file thermal-dynamics-227443-5372747_mapped_official_1.20.1.jar with {thermal_dynamics} mods - versions {11.0.1}
[20Nov2025 13:22:06.242] [main/DEBUG] [net.minecraftforge.fml.loading.moddiscovery.ModFile/LOADING]: Loading mod file C:\Users\sampw\.gradle\caches\forge_gradle\deobf_dependencies\curse\maven\thermal-dynamics-227443\5372747_mapped_official_1.20.1\thermal-dynamics-227443-5372747_mapped_official_1.20.1.jar with languages [LanguageSpec[languageName=javafml, acceptedVersions=[47,)]]
[20Nov2025 13:22:06.245] [main/DEBUG] [cpw.mods.modlauncher.TransformationServiceDecorator/MODLAUNCHER]: End scan trigger - transformation service fml
[20Nov2025 13:22:06.270] [main/DEBUG] [net.minecraftforge.fml.loading.LanguageLoadingProvider/CORE]: Found 3 language providers
[20Nov2025 13:22:06.272] [main/DEBUG] [net.minecraftforge.fml.loading.LanguageLoadingProvider/CORE]: Found language provider minecraft, version 1.0
[20Nov2025 13:22:06.274] [main/DEBUG] [net.minecraftforge.fml.loading.LanguageLoadingProvider/CORE]: Found language provider lowcodefml, version 47
[20Nov2025 13:22:06.275] [main/DEBUG] [net.minecraftforge.fml.loading.LanguageLoadingProvider/CORE]: Found language provider javafml, version 47
[20Nov2025 13:22:06.290] [main/DEBUG] [net.minecraftforge.fml.loading.ModSorter/]: Configured system mods: [minecraft, forge]
[20Nov2025 13:22:06.290] [main/DEBUG] [net.minecraftforge.fml.loading.ModSorter/]: Found system mod: minecraft
[20Nov2025 13:22:06.290] [main/DEBUG] [net.minecraftforge.fml.loading.ModSorter/]: Found system mod: forge
[20Nov2025 13:22:06.297] [main/DEBUG] [net.minecraftforge.fml.loading.ModSorter/LOADING]: Found 25 mod requirements (25 mandatory, 0 optional)
[20Nov2025 13:22:06.299] [main/DEBUG] [net.minecraftforge.fml.loading.ModSorter/LOADING]: Found 0 mod requirements missing (0 mandatory, 0 optional)
[20Nov2025 13:22:07.060] [main/DEBUG] [net.minecraftforge.fml.loading.MCPNamingService/CORE]: Loaded 33222 method mappings from methods.csv
[20Nov2025 13:22:07.147] [main/DEBUG] [net.minecraftforge.fml.loading.MCPNamingService/CORE]: Loaded 31003 field mappings from fields.csv
[20Nov2025 13:22:07.286] [main/DEBUG] [cpw.mods.modlauncher.TransformationServicesHandler/MODLAUNCHER]: Transformation services loading transformers
[20Nov2025 13:22:07.288] [main/DEBUG] [cpw.mods.modlauncher.TransformationServiceDecorator/MODLAUNCHER]: Initializing transformers for transformation service mixin
[20Nov2025 13:22:07.290] [main/DEBUG] [cpw.mods.modlauncher.TransformationServiceDecorator/MODLAUNCHER]: Initialized transformers for transformation service mixin
[20Nov2025 13:22:07.291] [main/DEBUG] [cpw.mods.modlauncher.TransformationServiceDecorator/MODLAUNCHER]: Initializing transformers for transformation service fml
[20Nov2025 13:22:07.291] [main/DEBUG] [net.minecraftforge.fml.loading.FMLServiceProvider/CORE]: Loading coremod transformers
[20Nov2025 13:22:07.291] [main/DEBUG] [net.minecraftforge.coremod.CoreModEngine/COREMOD]: Loading CoreMod from coremods/field_to_method.js
[20Nov2025 13:22:07.744] [main/DEBUG] [net.minecraftforge.coremod.CoreModEngine/COREMOD]: CoreMod loaded successfully
[20Nov2025 13:22:07.744] [main/DEBUG] [net.minecraftforge.coremod.CoreModEngine/COREMOD]: Loading CoreMod from coremods/field_to_instanceof.js
[20Nov2025 13:22:07.903] [main/DEBUG] [net.minecraftforge.coremod.CoreModEngine/COREMOD]: CoreMod loaded successfully
[20Nov2025 13:22:07.903] [main/DEBUG] [net.minecraftforge.coremod.CoreModEngine/COREMOD]: Loading CoreMod from coremods/add_bouncer_method.js
[20Nov2025 13:22:07.998] [main/DEBUG] [net.minecraftforge.coremod.CoreModEngine/COREMOD]: CoreMod loaded successfully
[20Nov2025 13:22:07.998] [main/DEBUG] [net.minecraftforge.coremod.CoreModEngine/COREMOD]: Loading CoreMod from coremods/method_redirector.js
[20Nov2025 13:22:08.134] [main/DEBUG] [net.minecraftforge.coremod.CoreModEngine/COREMOD]: CoreMod loaded successfully
[20Nov2025 13:22:08.157] [main/DEBUG] [cpw.mods.modlauncher.TransformStore/MODLAUNCHER]: Adding transformer net.minecraftforge.coremod.transformer.CoreModClassTransformer@49e4c2d5 to Target : CLASS {Lnet/minecraft/world/level/biome/Biome;} {} {V}
[20Nov2025 13:22:08.161] [main/DEBUG] [cpw.mods.modlauncher.TransformStore/MODLAUNCHER]: Adding transformer net.minecraftforge.coremod.transformer.CoreModClassTransformer@56476c16 to Target : CLASS {Lnet/minecraft/world/level/levelgen/structure/Structure;} {} {V}
[20Nov2025 13:22:08.162] [main/DEBUG] [cpw.mods.modlauncher.TransformStore/MODLAUNCHER]: Adding transformer net.minecraftforge.coremod.transformer.CoreModClassTransformer@497b560e to Target : CLASS {Lnet/minecraft/world/effect/MobEffectInstance;} {} {V}
[20Nov2025 13:22:08.162] [main/DEBUG] [cpw.mods.modlauncher.TransformStore/MODLAUNCHER]: Adding transformer net.minecraftforge.coremod.transformer.CoreModClassTransformer@39ffda4a to Target : CLASS {Lnet/minecraft/world/level/block/LiquidBlock;} {} {V}
[20Nov2025 13:22:08.162] [main/DEBUG] [cpw.mods.modlauncher.TransformStore/MODLAUNCHER]: Adding transformer net.minecraftforge.coremod.transformer.CoreModClassTransformer@3ba348ca to Target : CLASS {Lnet/minecraft/world/item/BucketItem;} {} {V}
[20Nov2025 13:22:08.163] [main/DEBUG] [cpw.mods.modlauncher.TransformStore/MODLAUNCHER]: Adding transformer net.minecraftforge.coremod.transformer.CoreModClassTransformer@56e9a474 to Target : CLASS {Lnet/minecraft/world/level/block/StairBlock;} {} {V}
[20Nov2025 13:22:08.164] [main/DEBUG] [cpw.mods.modlauncher.TransformStore/MODLAUNCHER]: Adding transformer net.minecraftforge.coremod.transformer.CoreModClassTransformer@45b15381 to Target : CLASS {Lnet/minecraft/world/level/block/FlowerPotBlock;} {} {V}
[20Nov2025 13:22:08.165] [main/DEBUG] [cpw.mods.modlauncher.TransformStore/MODLAUNCHER]: Adding transformer net.minecraftforge.coremod.transformer.CoreModClassTransformer@2dbfcf7 to Target : CLASS {Lnet/minecraft/world/item/ItemStack;} {} {V}
[20Nov2025 13:22:08.165] [main/DEBUG] [cpw.mods.modlauncher.TransformStore/MODLAUNCHER]: Adding transformer net.minecraftforge.coremod.transformer.CoreModClassTransformer@239f017e to Target : CLASS {Lnet/minecraft/network/play/client/CClientSettingsPacket;} {} {V}
[20Nov2025 13:22:08.165] [main/DEBUG] [cpw.mods.modlauncher.TransformStore/MODLAUNCHER]: Adding transformer net.minecraftforge.coremod.transformer.CoreModClassTransformer@38cedb7d to Target : CLASS {Lnet/minecraft/world/entity/monster/Strider;} {} {V}
[20Nov2025 13:22:08.166] [main/DEBUG] [cpw.mods.modlauncher.TransformStore/MODLAUNCHER]: Adding transformer net.minecraftforge.coremod.transformer.CoreModClassTransformer@38cedb7d to Target : CLASS {Lnet/minecraft/world/entity/monster/Zombie;} {} {V}
[20Nov2025 13:22:08.166] [main/DEBUG] [cpw.mods.modlauncher.TransformStore/MODLAUNCHER]: Adding transformer net.minecraftforge.coremod.transformer.CoreModClassTransformer@38cedb7d to Target : CLASS {Lnet/minecraft/world/entity/monster/ZombieVillager;} {} {V}
[20Nov2025 13:22:08.166] [main/DEBUG] [cpw.mods.modlauncher.TransformStore/MODLAUNCHER]: Adding transformer net.minecraftforge.coremod.transformer.CoreModClassTransformer@38cedb7d to Target : CLASS {Lnet/minecraft/world/level/levelgen/structure/structures/SwampHutPiece;} {} {V}
[20Nov2025 13:22:08.166] [main/DEBUG] [cpw.mods.modlauncher.TransformStore/MODLAUNCHER]: Adding transformer net.minecraftforge.coremod.transformer.CoreModClassTransformer@38cedb7d to Target : CLASS {Lnet/minecraft/world/entity/ai/village/VillageSiege;} {} {V}
[20Nov2025 13:22:08.166] [main/DEBUG] [cpw.mods.modlauncher.TransformStore/MODLAUNCHER]: Adding transformer net.minecraftforge.coremod.transformer.CoreModClassTransformer@38cedb7d to Target : CLASS {Lnet/minecraft/world/entity/EntityType;} {} {V}
[20Nov2025 13:22:08.167] [main/DEBUG] [cpw.mods.modlauncher.TransformStore/MODLAUNCHER]: Adding transformer net.minecraftforge.coremod.transformer.CoreModClassTransformer@38cedb7d to Target : CLASS {Lnet/minecraft/world/entity/npc/Villager;} {} {V}
[20Nov2025 13:22:08.167] [main/DEBUG] [cpw.mods.modlauncher.TransformStore/MODLAUNCHER]: Adding transformer net.minecraftforge.coremod.transformer.CoreModClassTransformer@38cedb7d to Target : CLASS {Lnet/minecraft/world/level/levelgen/structure/templatesystem/StructureTemplate;} {} {V}
[20Nov2025 13:22:08.167] [main/DEBUG] [cpw.mods.modlauncher.TransformStore/MODLAUNCHER]: Adding transformer net.minecraftforge.coremod.transformer.CoreModClassTransformer@38cedb7d to Target : CLASS {Lnet/minecraft/world/entity/monster/Evoker$EvokerSummonSpellGoal;} {} {V}
[20Nov2025 13:22:08.167] [main/DEBUG] [cpw.mods.modlauncher.TransformStore/MODLAUNCHER]: Adding transformer net.minecraftforge.coremod.transformer.CoreModClassTransformer@38cedb7d to Target : CLASS {Lnet/minecraft/world/level/levelgen/PhantomSpawner;} {} {V}
[20Nov2025 13:22:08.167] [main/DEBUG] [cpw.mods.modlauncher.TransformStore/MODLAUNCHER]: Adding transformer net.minecraftforge.coremod.transformer.CoreModClassTransformer@38cedb7d to Target : CLASS {Lnet/minecraft/server/commands/RaidCommand;} {} {V}
[20Nov2025 13:22:08.167] [main/DEBUG] [cpw.mods.modlauncher.TransformStore/MODLAUNCHER]: Adding transformer net.minecraftforge.coremod.transformer.CoreModClassTransformer@38cedb7d to Target : CLASS {Lnet/minecraft/world/level/NaturalSpawner;} {} {V}
[20Nov2025 13:22:08.168] [main/DEBUG] [cpw.mods.modlauncher.TransformStore/MODLAUNCHER]: Adding transformer net.minecraftforge.coremod.transformer.CoreModClassTransformer@38cedb7d to Target : CLASS {Lnet/minecraft/world/level/levelgen/structure/structures/WoodlandMansionPieces$WoodlandMansionPiece;} {} {V}
[20Nov2025 13:22:08.168] [main/DEBUG] [cpw.mods.modlauncher.TransformStore/MODLAUNCHER]: Adding transformer net.minecraftforge.coremod.transformer.CoreModClassTransformer@38cedb7d to Target : CLASS {Lnet/minecraft/server/commands/SummonCommand;} {} {V}
[20Nov2025 13:22:08.168] [main/DEBUG] [cpw.mods.modlauncher.TransformStore/MODLAUNCHER]: Adding transformer net.minecraftforge.coremod.transformer.CoreModClassTransformer@38cedb7d to Target : CLASS {Lnet/minecraft/world/level/levelgen/structure/structures/OceanRuinPieces$OceanRuinPiece;} {} {V}
[20Nov2025 13:22:08.168] [main/DEBUG] [cpw.mods.modlauncher.TransformStore/MODLAUNCHER]: Adding transformer net.minecraftforge.coremod.transformer.CoreModClassTransformer@38cedb7d to Target : CLASS {Lnet/minecraft/world/level/levelgen/structure/structures/OceanMonumentPieces$OceanMonumentPiece;} {} {V}
[20Nov2025 13:22:08.168] [main/DEBUG] [cpw.mods.modlauncher.TransformStore/MODLAUNCHER]: Adding transformer net.minecraftforge.coremod.transformer.CoreModClassTransformer@38cedb7d to Target : CLASS {Lnet/minecraft/world/entity/animal/frog/Tadpole;} {} {V}
[20Nov2025 13:22:08.169] [main/DEBUG] [cpw.mods.modlauncher.TransformStore/MODLAUNCHER]: Adding transformer net.minecraftforge.coremod.transformer.CoreModClassTransformer@38cedb7d to Target : CLASS {Lnet/minecraft/world/entity/animal/horse/SkeletonTrapGoal;} {} {V}
[20Nov2025 13:22:08.169] [main/DEBUG] [cpw.mods.modlauncher.TransformStore/MODLAUNCHER]: Adding transformer net.minecraftforge.coremod.transformer.CoreModClassTransformer@38cedb7d to Target : CLASS {Lnet/minecraft/world/entity/monster/Spider;} {} {V}
[20Nov2025 13:22:08.170] [main/DEBUG] [cpw.mods.modlauncher.TransformStore/MODLAUNCHER]: Adding transformer net.minecraftforge.coremod.transformer.CoreModClassTransformer@38cedb7d to Target : CLASS {Lnet/minecraft/world/level/levelgen/PatrolSpawner;} {} {V}
[20Nov2025 13:22:08.171] [main/DEBUG] [cpw.mods.modlauncher.TransformStore/MODLAUNCHER]: Adding transformer net.minecraftforge.coremod.transformer.CoreModClassTransformer@38cedb7d to Target : CLASS {Lnet/minecraft/world/entity/raid/Raid;} {} {V}
[20Nov2025 13:22:08.171] [main/DEBUG] [cpw.mods.modlauncher.TransformStore/MODLAUNCHER]: Adding transformer net.minecraftforge.coremod.transformer.CoreModClassTransformer@38cedb7d to Target : CLASS {Lnet/minecraft/world/entity/npc/CatSpawner;} {} {V}
[20Nov2025 13:22:08.172] [main/DEBUG] [cpw.mods.modlauncher.TransformationServiceDecorator/MODLAUNCHER]: Initialized transformers for transformation service fml
[20Nov2025 13:22:09.119] [main/DEBUG] [mixin/]: Processing prepare() for PlatformAgent[MixinPlatformAgentDefault:ModLauncher Root Container(ModLauncher:4f56a0a2)]
[20Nov2025 13:22:09.120] [main/DEBUG] [mixin/]: Registering mixin config: tjetpacks.mixins.json
[20Nov2025 13:22:09.156] [main/DEBUG] [mixin/]: Compatibility level JAVA_8 specified by tjetpacks.mixins.json is lower than the default level supported by the current mixin service (JAVA_16).
[20Nov2025 13:22:09.159] [main/DEBUG] [mixin/]: Processing launch tasks for PlatformAgent[MixinPlatformAgentDefault:ModLauncher Root Container(ModLauncher:4f56a0a2)]
[20Nov2025 13:22:09.159] [main/DEBUG] [mixin/]: Adding mixin platform agents for container SecureJarResource(minecraft)
[20Nov2025 13:22:09.160] [main/DEBUG] [mixin/]: Instancing new MixinPlatformAgentMinecraftForge for SecureJarResource(minecraft)
[20Nov2025 13:22:09.160] [main/DEBUG] [mixin/]: MixinPlatformAgentMinecraftForge rejected container SecureJarResource(minecraft)
[20Nov2025 13:22:09.160] [main/DEBUG] [mixin/]: Instancing new MixinPlatformAgentDefault for SecureJarResource(minecraft)
[20Nov2025 13:22:09.160] [main/DEBUG] [mixin/]: MixinPlatformAgentDefault accepted container SecureJarResource(minecraft)
[20Nov2025 13:22:09.161] [main/DEBUG] [mixin/]: Processing prepare() for PlatformAgent[MixinPlatformAgentDefault:SecureJarResource(minecraft)]
[20Nov2025 13:22:09.161] [main/DEBUG] [mixin/]: Adding mixin platform agents for container SecureJarResource(forge)
[20Nov2025 13:22:09.161] [main/DEBUG] [mixin/]: Instancing new MixinPlatformAgentMinecraftForge for SecureJarResource(forge)
[20Nov2025 13:22:09.161] [main/DEBUG] [mixin/]: MixinPlatformAgentMinecraftForge rejected container SecureJarResource(forge)
[20Nov2025 13:22:09.162] [main/DEBUG] [mixin/]: Instancing new MixinPlatformAgentDefault for SecureJarResource(forge)
[20Nov2025 13:22:09.162] [main/DEBUG] [mixin/]: MixinPlatformAgentDefault accepted container SecureJarResource(forge)
[20Nov2025 13:22:09.162] [main/DEBUG] [mixin/]: Processing prepare() for PlatformAgent[MixinPlatformAgentDefault:SecureJarResource(forge)]
[20Nov2025 13:22:09.163] [main/DEBUG] [mixin/]: Adding mixin platform agents for container SecureJarResource(cofh_core)
[20Nov2025 13:22:09.163] [main/DEBUG] [mixin/]: Instancing new MixinPlatformAgentMinecraftForge for SecureJarResource(cofh_core)
[20Nov2025 13:22:09.163] [main/DEBUG] [mixin/]: MixinPlatformAgentMinecraftForge rejected container SecureJarResource(cofh_core)
[20Nov2025 13:22:09.163] [main/DEBUG] [mixin/]: Instancing new MixinPlatformAgentDefault for SecureJarResource(cofh_core)
[20Nov2025 13:22:09.164] [main/DEBUG] [mixin/]: MixinPlatformAgentDefault accepted container SecureJarResource(cofh_core)
[20Nov2025 13:22:09.164] [main/DEBUG] [mixin/]: Processing prepare() for PlatformAgent[MixinPlatformAgentDefault:SecureJarResource(cofh_core)]
[20Nov2025 13:22:09.164] [main/DEBUG] [mixin/]: Registering mixin config: mixins.cofhcore.json
[20Nov2025 13:22:09.168] [main/DEBUG] [mixin/]: Compatibility level JAVA_17 specified by mixins.cofhcore.json is higher than the maximum level supported by this version of mixin (JAVA_13).
[20Nov2025 13:22:09.173] [main/INFO] [mixin/]: Compatibility level set to JAVA_17
[20Nov2025 13:22:09.174] [main/DEBUG] [mixin/]: Adding mixin platform agents for container SecureJarResource(curios)
[20Nov2025 13:22:09.175] [main/DEBUG] [mixin/]: Instancing new MixinPlatformAgentMinecraftForge for SecureJarResource(curios)
[20Nov2025 13:22:09.175] [main/DEBUG] [mixin/]: MixinPlatformAgentMinecraftForge rejected container SecureJarResource(curios)
[20Nov2025 13:22:09.176] [main/DEBUG] [mixin/]: Instancing new MixinPlatformAgentDefault for SecureJarResource(curios)
[20Nov2025 13:22:09.176] [main/DEBUG] [mixin/]: MixinPlatformAgentDefault accepted container SecureJarResource(curios)
[20Nov2025 13:22:09.177] [main/DEBUG] [mixin/]: Processing prepare() for PlatformAgent[MixinPlatformAgentDefault:SecureJarResource(curios)]
[20Nov2025 13:22:09.177] [main/DEBUG] [mixin/]: Registering mixin config: curios.mixins.json
[20Nov2025 13:22:09.182] [main/DEBUG] [mixin/]: Adding mixin platform agents for container SecureJarResource(thermal)
[20Nov2025 13:22:09.183] [main/DEBUG] [mixin/]: Instancing new MixinPlatformAgentMinecraftForge for SecureJarResource(thermal)
[20Nov2025 13:22:09.183] [main/DEBUG] [mixin/]: MixinPlatformAgentMinecraftForge rejected container SecureJarResource(thermal)
[20Nov2025 13:22:09.183] [main/DEBUG] [mixin/]: Instancing new MixinPlatformAgentDefault for SecureJarResource(thermal)
[20Nov2025 13:22:09.184] [main/DEBUG] [mixin/]: MixinPlatformAgentDefault accepted container SecureJarResource(thermal)
[20Nov2025 13:22:09.184] [main/DEBUG] [mixin/]: Processing prepare() for PlatformAgent[MixinPlatformAgentDefault:SecureJarResource(thermal)]
[20Nov2025 13:22:09.184] [main/DEBUG] [mixin/]: Adding mixin platform agents for container SecureJarResource(thermal_expansion)
[20Nov2025 13:22:09.184] [main/DEBUG] [mixin/]: Instancing new MixinPlatformAgentMinecraftForge for SecureJarResource(thermal_expansion)
[20Nov2025 13:22:09.184] [main/DEBUG] [mixin/]: MixinPlatformAgentMinecraftForge rejected container SecureJarResource(thermal_expansion)
[20Nov2025 13:22:09.184] [main/DEBUG] [mixin/]: Instancing new MixinPlatformAgentDefault for SecureJarResource(thermal_expansion)
[20Nov2025 13:22:09.184] [main/DEBUG] [mixin/]: MixinPlatformAgentDefault accepted container SecureJarResource(thermal_expansion)
[20Nov2025 13:22:09.185] [main/DEBUG] [mixin/]: Processing prepare() for PlatformAgent[MixinPlatformAgentDefault:SecureJarResource(thermal_expansion)]
[20Nov2025 13:22:09.185] [main/DEBUG] [mixin/]: Adding mixin platform agents for container SecureJarResource(thermal_foundation)
[20Nov2025 13:22:09.185] [main/DEBUG] [mixin/]: Instancing new MixinPlatformAgentMinecraftForge for SecureJarResource(thermal_foundation)
[20Nov2025 13:22:09.185] [main/DEBUG] [mixin/]: MixinPlatformAgentMinecraftForge rejected container SecureJarResource(thermal_foundation)
[20Nov2025 13:22:09.185] [main/DEBUG] [mixin/]: Instancing new MixinPlatformAgentDefault for SecureJarResource(thermal_foundation)
[20Nov2025 13:22:09.185] [main/DEBUG] [mixin/]: MixinPlatformAgentDefault accepted container SecureJarResource(thermal_foundation)
[20Nov2025 13:22:09.185] [main/DEBUG] [mixin/]: Processing prepare() for PlatformAgent[MixinPlatformAgentDefault:SecureJarResource(thermal_foundation)]
[20Nov2025 13:22:09.185] [main/DEBUG] [mixin/]: Adding mixin platform agents for container SecureJarResource(thermal_innovation)
[20Nov2025 13:22:09.186] [main/DEBUG] [mixin/]: Instancing new MixinPlatformAgentMinecraftForge for SecureJarResource(thermal_innovation)
[20Nov2025 13:22:09.186] [main/DEBUG] [mixin/]: MixinPlatformAgentMinecraftForge rejected container SecureJarResource(thermal_innovation)
[20Nov2025 13:22:09.186] [main/DEBUG] [mixin/]: Instancing new MixinPlatformAgentDefault for SecureJarResource(thermal_innovation)
[20Nov2025 13:22:09.186] [main/DEBUG] [mixin/]: MixinPlatformAgentDefault accepted container SecureJarResource(thermal_innovation)
[20Nov2025 13:22:09.186] [main/DEBUG] [mixin/]: Processing prepare() for PlatformAgent[MixinPlatformAgentDefault:SecureJarResource(thermal_innovation)]
[20Nov2025 13:22:09.186] [main/DEBUG] [mixin/]: Adding mixin platform agents for container SecureJarResource(thermal_dynamics)
[20Nov2025 13:22:09.187] [main/DEBUG] [mixin/]: Instancing new MixinPlatformAgentMinecraftForge for SecureJarResource(thermal_dynamics)
[20Nov2025 13:22:09.187] [main/DEBUG] [mixin/]: MixinPlatformAgentMinecraftForge rejected container SecureJarResource(thermal_dynamics)
[20Nov2025 13:22:09.187] [main/DEBUG] [mixin/]: Instancing new MixinPlatformAgentDefault for SecureJarResource(thermal_dynamics)
[20Nov2025 13:22:09.187] [main/DEBUG] [mixin/]: MixinPlatformAgentDefault accepted container SecureJarResource(thermal_dynamics)
[20Nov2025 13:22:09.187] [main/DEBUG] [mixin/]: Processing prepare() for PlatformAgent[MixinPlatformAgentDefault:SecureJarResource(thermal_dynamics)]
[20Nov2025 13:22:09.187] [main/DEBUG] [mixin/]: Adding mixin platform agents for container SecureJarResource(tjetpacks)
[20Nov2025 13:22:09.188] [main/DEBUG] [mixin/]: Instancing new MixinPlatformAgentMinecraftForge for SecureJarResource(tjetpacks)
[20Nov2025 13:22:09.188] [main/DEBUG] [mixin/]: MixinPlatformAgentMinecraftForge rejected container SecureJarResource(tjetpacks)
[20Nov2025 13:22:09.188] [main/DEBUG] [mixin/]: Instancing new MixinPlatformAgentDefault for SecureJarResource(tjetpacks)
[20Nov2025 13:22:09.188] [main/DEBUG] [mixin/]: MixinPlatformAgentDefault accepted container SecureJarResource(tjetpacks)
[20Nov2025 13:22:09.188] [main/DEBUG] [mixin/]: Processing prepare() for PlatformAgent[MixinPlatformAgentDefault:SecureJarResource(tjetpacks)]
[20Nov2025 13:22:09.188] [main/DEBUG] [mixin/]: inject() running with 11 agents
[20Nov2025 13:22:09.188] [main/DEBUG] [mixin/]: Processing inject() for PlatformAgent[MixinPlatformAgentDefault:ModLauncher Root Container(ModLauncher:4f56a0a2)]
[20Nov2025 13:22:09.189] [main/DEBUG] [mixin/]: Processing inject() for PlatformAgent[MixinPlatformAgentDefault:SecureJarResource(minecraft)]
[20Nov2025 13:22:09.189] [main/DEBUG] [mixin/]: Processing inject() for PlatformAgent[MixinPlatformAgentDefault:SecureJarResource(forge)]
[20Nov2025 13:22:09.189] [main/DEBUG] [mixin/]: Processing inject() for PlatformAgent[MixinPlatformAgentDefault:SecureJarResource(cofh_core)]
[20Nov2025 13:22:09.189] [main/DEBUG] [mixin/]: Processing inject() for PlatformAgent[MixinPlatformAgentDefault:SecureJarResource(curios)]
[20Nov2025 13:22:09.189] [main/DEBUG] [mixin/]: Processing inject() for PlatformAgent[MixinPlatformAgentDefault:SecureJarResource(thermal)]
[20Nov2025 13:22:09.189] [main/DEBUG] [mixin/]: Processing inject() for PlatformAgent[MixinPlatformAgentDefault:SecureJarResource(thermal_expansion)]
[20Nov2025 13:22:09.189] [main/DEBUG] [mixin/]: Processing inject() for PlatformAgent[MixinPlatformAgentDefault:SecureJarResource(thermal_foundation)]
[20Nov2025 13:22:09.189] [main/DEBUG] [mixin/]: Processing inject() for PlatformAgent[MixinPlatformAgentDefault:SecureJarResource(thermal_innovation)]
[20Nov2025 13:22:09.191] [main/DEBUG] [mixin/]: Processing inject() for PlatformAgent[MixinPlatformAgentDefault:SecureJarResource(thermal_dynamics)]
[20Nov2025 13:22:09.191] [main/DEBUG] [mixin/]: Processing inject() for PlatformAgent[MixinPlatformAgentDefault:SecureJarResource(tjetpacks)]
[20Nov2025 13:22:09.191] [main/INFO] [cpw.mods.modlauncher.LaunchServiceHandler/MODLAUNCHER]: Launching target 'forgeclientuserdev' with arguments [--version, MOD_DEV, --gameDir, ., --assetsDir, C:\Users\sampw\.gradle\caches\forge_gradle\assets, --assetIndex, 5]
[20Nov2025 13:22:09.370] [main/DEBUG] [mixin/]: Error cleaning class output directory: .mixin.out
[20Nov2025 13:22:09.377] [main/DEBUG] [mixin/]: Preparing mixins for MixinEnvironment[DEFAULT]
[20Nov2025 13:22:09.378] [main/DEBUG] [mixin/]: Selecting config tjetpacks.mixins.json
[20Nov2025 13:22:09.391] [main/WARN] [mixin/]: Reference map 'tjetpacks.refmap.json' for tjetpacks.mixins.json could not be read. If this is a development environment you can ignore this message
[20Nov2025 13:22:09.395] [main/DEBUG] [mixin/]: Selecting config mixins.cofhcore.json
[20Nov2025 13:22:09.890] [main/INFO] [mixin/]: Remapping refMap mixins.cofhcore.refmap.json using C:\Local Files\minecraft\Minecraft Mods\Thermal-Jetpacks\build\createSrgToMcp\output.srg
[20Nov2025 13:22:09.890] [main/DEBUG] [mixin/]: Selecting config curios.mixins.json
[20Nov2025 13:22:09.893] [main/INFO] [mixin/]: Remapping refMap curios.refmap.json using C:\Local Files\minecraft\Minecraft Mods\Thermal-Jetpacks\build\createSrgToMcp\output.srg
[20Nov2025 13:22:09.893] [main/DEBUG] [mixin/]: Preparing tjetpacks.mixins.json (1)
[20Nov2025 13:22:10.055] [main/DEBUG] [mixin/]: Preparing mixins.cofhcore.json (10)
[20Nov2025 13:22:10.199] [main/DEBUG] [mixin/]: Preparing curios.mixins.json (13)
[20Nov2025 13:22:10.338] [main/DEBUG] [mixin/]: Registering new injector for @Inject with org.spongepowered.asm.mixin.injection.struct.CallbackInjectionInfo
[20Nov2025 13:22:10.344] [main/DEBUG] [mixin/]: Registering new injector for @ModifyArg with org.spongepowered.asm.mixin.injection.struct.ModifyArgInjectionInfo
[20Nov2025 13:22:10.347] [main/DEBUG] [mixin/]: Registering new injector for @ModifyArgs with org.spongepowered.asm.mixin.injection.struct.ModifyArgsInjectionInfo
[20Nov2025 13:22:10.352] [main/DEBUG] [mixin/]: Registering new injector for @Redirect with org.spongepowered.asm.mixin.injection.struct.RedirectInjectionInfo
[20Nov2025 13:22:10.357] [main/DEBUG] [mixin/]: Registering new injector for @ModifyVariable with org.spongepowered.asm.mixin.injection.struct.ModifyVariableInjectionInfo
[20Nov2025 13:22:10.365] [main/DEBUG] [mixin/]: Registering new injector for @ModifyConstant with org.spongepowered.asm.mixin.injection.struct.ModifyConstantInjectionInfo
[20Nov2025 13:22:10.405] [main/DEBUG] [mixin/]: Prepared 24 mixins in 1.026 sec (42.8ms avg) (0ms load, 0ms transform, 0ms plugin)
[20Nov2025 13:22:11.176] [main/DEBUG] [io.netty.util.internal.logging.InternalLoggerFactory/]: Using SLF4J as the default logging framework
[20Nov2025 13:22:11.180] [main/DEBUG] [io.netty.util.ResourceLeakDetector/]: -Dio.netty.leakDetection.level: simple
[20Nov2025 13:22:11.181] [main/DEBUG] [io.netty.util.ResourceLeakDetector/]: -Dio.netty.leakDetection.targetRecords: 4
[20Nov2025 13:22:11.396] [main/DEBUG] [oshi.util.FileUtil/]: No oshi.properties file found from ClassLoader cpw.mods.modlauncher.TransformingClassLoader@7d17ee50
[20Nov2025 13:22:11.885] [main/DEBUG] [oshi.util.FileUtil/]: No oshi.architecture.properties file found from ClassLoader cpw.mods.modlauncher.TransformingClassLoader@7d17ee50
[20Nov2025 13:22:12.045] [main/WARN] [oshi.driver.windows.perfmon.PerfmonDisabled/]: Invalid registry value type detected for PerfOS counters. Should be REG_DWORD. Ignoring: HKEY_LOCAL_MACHINE\SYSTEM\CurrentControlSet\Services\PerfOS\Performance\Disable Performance Counters.
[20Nov2025 13:22:14.265] [pool-4-thread-1/DEBUG] [mixin/]: Mixing AccessorEntity from curios.mixins.json into net.minecraft.world.entity.Entity
[20Nov2025 13:22:14.445] [pool-4-thread-1/DEBUG] [mixin/]: Mixing LivingEntityMixin from mixins.cofhcore.json into net.minecraft.world.entity.LivingEntity
[20Nov2025 13:22:14.457] [pool-4-thread-1/DEBUG] [mixin/]: Renaming synthetic method lambda$shield$0(Lorg/spongepowered/asm/mixin/injection/callback/CallbackInfoReturnable;Lnet/minecraft/world/damagesource/DamageSource;Lcofh/lib/api/capability/IShieldItem;)V to md77b4ae$lambda$shield$0$0 in mixins.cofhcore.json:LivingEntityMixin
[20Nov2025 13:22:14.469] [pool-4-thread-1/DEBUG] [net.minecraftforge.coremod.transformer.CoreModBaseTransformer/COREMOD]: Transforming net/minecraft/world/effect/MobEffectInstance
[20Nov2025 13:22:14.602] [pool-4-thread-1/DEBUG] [net.minecraftforge.coremod.transformer.CoreModBaseTransformer/COREMOD]: Transforming net/minecraft/world/item/ItemStack
[20Nov2025 13:22:14.645] [pool-4-thread-1/DEBUG] [mixin/]: Mixing MixinLivingEntity from curios.mixins.json into net.minecraft.world.entity.LivingEntity
[20Nov2025 13:22:15.663] [pool-4-thread-1/DEBUG] [net.minecraftforge.coremod.transformer.CoreModBaseTransformer/COREMOD]: Transforming net/minecraft/world/entity/EntityType
[20Nov2025 13:22:16.797] [pool-4-thread-1/DEBUG] [net.minecraftforge.coremod.transformer.CoreModBaseTransformer/COREMOD]: Transforming net/minecraft/world/level/block/LiquidBlock
[20Nov2025 13:22:16.920] [pool-4-thread-1/DEBUG] [net.minecraftforge.coremod.transformer.CoreModBaseTransformer/COREMOD]: Transforming net/minecraft/world/level/block/StairBlock
[20Nov2025 13:22:17.088] [pool-4-thread-1/DEBUG] [net.minecraftforge.coremod.transformer.CoreModBaseTransformer/COREMOD]: Transforming net/minecraft/world/level/block/FlowerPotBlock
[20Nov2025 13:22:17.298] [pool-4-thread-1/DEBUG] [mixin/]: Mixing MixinPowderSnowBlock from curios.mixins.json into net.minecraft.world.level.block.PowderSnowBlock
[20Nov2025 13:22:18.482] [pool-4-thread-1/DEBUG] [net.minecraftforge.coremod.transformer.CoreModBaseTransformer/COREMOD]: Transforming net/minecraft/world/item/ItemStack
[20Nov2025 13:22:19.273] [pool-4-thread-1/DEBUG] [net.minecraftforge.coremod.transformer.CoreModBaseTransformer/COREMOD]: Transforming net/minecraft/world/entity/animal/frog/Tadpole
[20Nov2025 13:22:19.368] [pool-4-thread-1/DEBUG] [net.minecraftforge.coremod.transformer.CoreModBaseTransformer/COREMOD]: Transforming net/minecraft/world/item/BucketItem
[20Nov2025 13:22:19.405] [pool-4-thread-1/DEBUG] [mixin/]: Mixing ShearsItemMixin from mixins.cofhcore.json into net.minecraft.world.item.ShearsItem
[20Nov2025 13:22:19.409] [pool-4-thread-1/DEBUG] [mixin/]: Mixing MixinShearsItem from curios.mixins.json into net.minecraft.world.item.ShearsItem
[20Nov2025 13:22:19.541] [pool-4-thread-1/DEBUG] [mixin/]: Mixing HorseArmorItemMixin from mixins.cofhcore.json into net.minecraft.world.item.HorseArmorItem
[20Nov2025 13:22:19.557] [pool-4-thread-1/DEBUG] [mixin/]: Mixing ShieldItemMixin from mixins.cofhcore.json into net.minecraft.world.item.ShieldItem
[20Nov2025 13:22:20.766] [pool-4-thread-1/DEBUG] [net.minecraftforge.coremod.transformer.CoreModBaseTransformer/COREMOD]: Transforming net/minecraft/world/entity/monster/Spider
[20Nov2025 13:22:20.896] [Datafixer Bootstrap/INFO] [com.mojang.datafixers.DataFixerBuilder/]: 188 Datafixer optimizations took 260 milliseconds
[20Nov2025 13:22:20.897] [pool-4-thread-1/DEBUG] [net.minecraftforge.coremod.transformer.CoreModBaseTransformer/COREMOD]: Transforming net/minecraft/world/entity/monster/Zombie
[20Nov2025 13:22:20.949] [pool-4-thread-1/DEBUG] [net.minecraftforge.coremod.transformer.CoreModBaseTransformer/COREMOD]: Transforming net/minecraft/world/entity/monster/ZombieVillager
[20Nov2025 13:22:21.058] [pool-4-thread-1/DEBUG] [net.minecraftforge.coremod.transformer.CoreModBaseTransformer/COREMOD]: Transforming net/minecraft/world/entity/monster/Evoker$EvokerSummonSpellGoal
[20Nov2025 13:22:21.392] [pool-4-thread-1/DEBUG] [net.minecraftforge.coremod.transformer.CoreModBaseTransformer/COREMOD]: Transforming net/minecraft/world/entity/animal/horse/SkeletonTrapGoal
[20Nov2025 13:22:21.430] [pool-4-thread-1/DEBUG] [net.minecraftforge.coremod.transformer.CoreModBaseTransformer/COREMOD]: Transforming net/minecraft/world/entity/monster/Strider
[20Nov2025 13:22:21.674] [pool-4-thread-1/DEBUG] [net.minecraftforge.coremod.transformer.CoreModBaseTransformer/COREMOD]: Transforming net/minecraft/world/entity/npc/Villager
[20Nov2025 13:22:21.830] [pool-4-thread-1/DEBUG] [net.minecraftforge.coremod.transformer.CoreModBaseTransformer/COREMOD]: Transforming net/minecraft/world/effect/MobEffectInstance
[20Nov2025 13:22:21.888] [pool-4-thread-1/DEBUG] [mixin/]: Mixing ServerGamePacketListenerImplMixin from tjetpacks.mixins.json into net.minecraft.server.network.ServerGamePacketListenerImpl
[20Nov2025 13:22:21.889] [pool-4-thread-1/DEBUG] [mixin/]: tjetpacks.mixins.json:ServerGamePacketListenerImplMixin: Class version 61 required is higher than the class version supported by the current version of Mixin (JAVA_8 supports class version 52)
[20Nov2025 13:22:22.111] [pool-4-thread-1/DEBUG] [mixin/]: Mixing MixinInventory from curios.mixins.json into net.minecraft.world.entity.player.Inventory
[20Nov2025 13:22:22.335] [pool-4-thread-1/DEBUG] [mixin/]: Mixing MixinApplyBonusCount from curios.mixins.json into net.minecraft.world.level.storage.loot.functions.ApplyBonusCount
[20Nov2025 13:22:22.631] [pool-4-thread-1/DEBUG] [net.minecraftforge.coremod.transformer.CoreModBaseTransformer/COREMOD]: Transforming net/minecraft/world/level/levelgen/structure/Structure
[20Nov2025 13:22:22.685] [pool-4-thread-1/DEBUG] [net.minecraftforge.coremod.transformer.CoreModBaseTransformer/COREMOD]: Transforming net/minecraft/world/level/levelgen/structure/structures/OceanRuinPieces$OceanRuinPiece
[20Nov2025 13:22:22.705] [pool-4-thread-1/DEBUG] [net.minecraftforge.coremod.transformer.CoreModBaseTransformer/COREMOD]: Transforming net/minecraft/world/level/levelgen/structure/structures/SwampHutPiece
[20Nov2025 13:22:22.715] [pool-4-thread-1/DEBUG] [net.minecraftforge.coremod.transformer.CoreModBaseTransformer/COREMOD]: Transforming net/minecraft/world/level/levelgen/structure/structures/OceanMonumentPieces$OceanMonumentPiece
[20Nov2025 13:22:22.755] [pool-4-thread-1/DEBUG] [net.minecraftforge.coremod.transformer.CoreModBaseTransformer/COREMOD]: Transforming net/minecraft/world/level/levelgen/structure/structures/WoodlandMansionPieces$WoodlandMansionPiece
[20Nov2025 13:22:22.952] [pool-4-thread-1/DEBUG] [net.minecraftforge.coremod.transformer.CoreModBaseTransformer/COREMOD]: Transforming net/minecraft/world/level/biome/Biome
[20Nov2025 13:22:23.220] [pool-4-thread-1/DEBUG] [net.minecraftforge.registries.GameData/REGISTRIES]: Creating vanilla freeze snapshot
[20Nov2025 13:22:23.225] [pool-4-thread-1/DEBUG] [net.minecraftforge.registries.ForgeRegistry/REGISTRIES]: Registry minecraft:block Sync: VANILLA -> ACTIVE
[20Nov2025 13:22:23.239] [pool-4-thread-1/DEBUG] [net.minecraftforge.registries.ForgeRegistry/REGISTRIES]: Registry minecraft:fluid Sync: VANILLA -> ACTIVE
[20Nov2025 13:22:23.240] [pool-4-thread-1/DEBUG] [net.minecraftforge.registries.ForgeRegistry/REGISTRIES]: Registry minecraft:item Sync: VANILLA -> ACTIVE
[20Nov2025 13:22:23.251] [pool-4-thread-1/DEBUG] [net.minecraftforge.registries.ForgeRegistry/REGISTRIES]: Registry minecraft:mob_effect Sync: VANILLA -> ACTIVE
[20Nov2025 13:22:23.252] [pool-4-thread-1/DEBUG] [net.minecraftforge.registries.ForgeRegistry/REGISTRIES]: Registry minecraft:sound_event Sync: VANILLA -> ACTIVE
[20Nov2025 13:22:23.261] [pool-4-thread-1/DEBUG] [net.minecraftforge.registries.ForgeRegistry/REGISTRIES]: Registry minecraft:potion Sync: VANILLA -> ACTIVE
[20Nov2025 13:22:23.262] [pool-4-thread-1/DEBUG] [net.minecraftforge.registries.ForgeRegistry/REGISTRIES]: Registry minecraft:enchantment Sync: VANILLA -> ACTIVE
[20Nov2025 13:22:23.262] [pool-4-thread-1/DEBUG] [net.minecraftforge.registries.ForgeRegistry/REGISTRIES]: Registry minecraft:entity_type Sync: VANILLA -> ACTIVE
[20Nov2025 13:22:23.264] [pool-4-thread-1/DEBUG] [net.minecraftforge.registries.ForgeRegistry/REGISTRIES]: Registry minecraft:block_entity_type Sync: VANILLA -> ACTIVE
[20Nov2025 13:22:23.265] [pool-4-thread-1/DEBUG] [net.minecraftforge.registries.ForgeRegistry/REGISTRIES]: Registry minecraft:particle_type Sync: VANILLA -> ACTIVE
[20Nov2025 13:22:23.267] [pool-4-thread-1/DEBUG] [net.minecraftforge.registries.ForgeRegistry/REGISTRIES]: Registry minecraft:menu Sync: VANILLA -> ACTIVE
[20Nov2025 13:22:23.268] [pool-4-thread-1/DEBUG] [net.minecraftforge.registries.ForgeRegistry/REGISTRIES]: Registry minecraft:painting_variant Sync: VANILLA -> ACTIVE
[20Nov2025 13:22:23.269] [pool-4-thread-1/DEBUG] [net.minecraftforge.registries.ForgeRegistry/REGISTRIES]: Registry minecraft:recipe_type Sync: VANILLA -> ACTIVE
[20Nov2025 13:22:23.269] [pool-4-thread-1/DEBUG] [net.minecraftforge.registries.ForgeRegistry/REGISTRIES]: Registry minecraft:recipe_serializer Sync: VANILLA -> ACTIVE
[20Nov2025 13:22:23.269] [pool-4-thread-1/DEBUG] [net.minecraftforge.registries.ForgeRegistry/REGISTRIES]: Registry minecraft:attribute Sync: VANILLA -> ACTIVE
[20Nov2025 13:22:23.270] [pool-4-thread-1/DEBUG] [net.minecraftforge.registries.ForgeRegistry/REGISTRIES]: Registry minecraft:stat_type Sync: VANILLA -> ACTIVE
[20Nov2025 13:22:23.270] [pool-4-thread-1/DEBUG] [net.minecraftforge.registries.ForgeRegistry/REGISTRIES]: Registry minecraft:command_argument_type Sync: VANILLA -> ACTIVE
[20Nov2025 13:22:23.270] [pool-4-thread-1/DEBUG] [net.minecraftforge.registries.ForgeRegistry/REGISTRIES]: Registry minecraft:villager_profession Sync: VANILLA -> ACTIVE
[20Nov2025 13:22:23.271] [pool-4-thread-1/DEBUG] [net.minecraftforge.registries.ForgeRegistry/REGISTRIES]: Registry minecraft:point_of_interest_type Sync: VANILLA -> ACTIVE
[20Nov2025 13:22:23.274] [pool-4-thread-1/DEBUG] [net.minecraftforge.registries.ForgeRegistry/REGISTRIES]: Registry minecraft:memory_module_type Sync: VANILLA -> ACTIVE
[20Nov2025 13:22:23.274] [pool-4-thread-1/DEBUG] [net.minecraftforge.registries.ForgeRegistry/REGISTRIES]: Registry minecraft:sensor_type Sync: VANILLA -> ACTIVE
[20Nov2025 13:22:23.275] [pool-4-thread-1/DEBUG] [net.minecraftforge.registries.ForgeRegistry/REGISTRIES]: Registry minecraft:schedule Sync: VANILLA -> ACTIVE
[20Nov2025 13:22:23.275] [pool-4-thread-1/DEBUG] [net.minecraftforge.registries.ForgeRegistry/REGISTRIES]: Registry minecraft:activity Sync: VANILLA -> ACTIVE
[20Nov2025 13:22:23.275] [pool-4-thread-1/DEBUG] [net.minecraftforge.registries.ForgeRegistry/REGISTRIES]: Registry minecraft:worldgen/carver Sync: VANILLA -> ACTIVE
[20Nov2025 13:22:23.275] [pool-4-thread-1/DEBUG] [net.minecraftforge.registries.ForgeRegistry/REGISTRIES]: Registry minecraft:worldgen/feature Sync: VANILLA -> ACTIVE
[20Nov2025 13:22:23.277] [pool-4-thread-1/DEBUG] [net.minecraftforge.registries.ForgeRegistry/REGISTRIES]: Registry minecraft:chunk_status Sync: VANILLA -> ACTIVE
[20Nov2025 13:22:23.277] [pool-4-thread-1/DEBUG] [net.minecraftforge.registries.ForgeRegistry/REGISTRIES]: Registry minecraft:worldgen/block_state_provider_type Sync: VANILLA -> ACTIVE
[20Nov2025 13:22:23.277] [pool-4-thread-1/DEBUG] [net.minecraftforge.registries.ForgeRegistry/REGISTRIES]: Registry minecraft:worldgen/foliage_placer_type Sync: VANILLA -> ACTIVE
[20Nov2025 13:22:23.277] [pool-4-thread-1/DEBUG] [net.minecraftforge.registries.ForgeRegistry/REGISTRIES]: Registry minecraft:worldgen/tree_decorator_type Sync: VANILLA -> ACTIVE
[20Nov2025 13:22:23.277] [pool-4-thread-1/DEBUG] [net.minecraftforge.registries.ForgeRegistry/REGISTRIES]: Registry minecraft:worldgen/biome Sync: VANILLA -> ACTIVE
[20Nov2025 13:22:23.287] [pool-4-thread-1/DEBUG] [net.minecraftforge.registries.GameData/REGISTRIES]: Vanilla freeze snapshot created
[20Nov2025 13:22:23.326] [pool-4-thread-1/DEBUG] [io.netty.util.internal.PlatformDependent0/]: -Dio.netty.noUnsafe: false
[20Nov2025 13:22:23.327] [pool-4-thread-1/DEBUG] [io.netty.util.internal.PlatformDependent0/]: Java version: 17
[20Nov2025 13:22:23.329] [pool-4-thread-1/DEBUG] [io.netty.util.internal.PlatformDependent0/]: sun.misc.Unsafe.theUnsafe: available
[20Nov2025 13:22:23.330] [pool-4-thread-1/DEBUG] [io.netty.util.internal.PlatformDependent0/]: sun.misc.Unsafe.copyMemory: available
[20Nov2025 13:22:23.331] [pool-4-thread-1/DEBUG] [io.netty.util.internal.PlatformDependent0/]: sun.misc.Unsafe.storeFence: available
[20Nov2025 13:22:23.332] [pool-4-thread-1/DEBUG] [io.netty.util.internal.PlatformDependent0/]: java.nio.Buffer.address: available
[20Nov2025 13:22:23.333] [pool-4-thread-1/DEBUG] [io.netty.util.internal.PlatformDependent0/]: direct buffer constructor: unavailable
java.lang.UnsupportedOperationException: Reflective setAccessible(true) disabled
	at io.netty.util.internal.ReflectionUtil.trySetAccessible(ReflectionUtil.java:31) ~[netty-common-4.1.82.Final.jar%23151!/:4.1.82.Final]
	at io.netty.util.internal.PlatformDependent0$5.run(PlatformDependent0.java:288) ~[netty-common-4.1.82.Final.jar%23151!/:4.1.82.Final]
	at java.security.AccessController.doPrivileged(AccessController.java:318) ~[?:?]
	at io.netty.util.internal.PlatformDependent0.<clinit>(PlatformDependent0.java:282) ~[netty-common-4.1.82.Final.jar%23151!/:4.1.82.Final]
	at io.netty.util.internal.PlatformDependent.isAndroid(PlatformDependent.java:333) ~[netty-common-4.1.82.Final.jar%23151!/:4.1.82.Final]
	at io.netty.util.internal.PlatformDependent.<clinit>(PlatformDependent.java:88) ~[netty-common-4.1.82.Final.jar%23151!/:4.1.82.Final]
	at io.netty.util.ConstantPool.<init>(ConstantPool.java:34) ~[netty-common-4.1.82.Final.jar%23151!/:4.1.82.Final]
	at io.netty.util.AttributeKey$1.<init>(AttributeKey.java:27) ~[netty-common-4.1.82.Final.jar%23151!/:4.1.82.Final]
	at io.netty.util.AttributeKey.<clinit>(AttributeKey.java:27) ~[netty-common-4.1.82.Final.jar%23151!/:4.1.82.Final]
	at net.minecraftforge.network.NetworkConstants.<clinit>(NetworkConstants.java:34) ~[forge-1.20.1-47.4.10_mapped_official_1.20.1.jar%23190%23197!/:?]
	at net.minecraftforge.network.NetworkHooks.init(NetworkHooks.java:52) ~[forge-1.20.1-47.4.10_mapped_official_1.20.1.jar%23190%23197!/:?]
	at net.minecraft.server.Bootstrap.bootStrap(Bootstrap.java:62) ~[forge-1.20.1-47.4.10_mapped_official_1.20.1.jar%23191!/:?]
	at net.minecraft.client.main.Main.lambda$main$0(Main.java:151) ~[forge-1.20.1-47.4.10_mapped_official_1.20.1.jar%23191!/:?]
	at java.util.concurrent.Executors$RunnableAdapter.call(Executors.java:539) ~[?:?]
	at java.util.concurrent.FutureTask.run(FutureTask.java:264) ~[?:?]
	at java.util.concurrent.ThreadPoolExecutor.runWorker(ThreadPoolExecutor.java:1136) ~[?:?]
	at java.util.concurrent.ThreadPoolExecutor$Worker.run(ThreadPoolExecutor.java:635) ~[?:?]
	at java.lang.Thread.run(Thread.java:833) ~[?:?]
[20Nov2025 13:22:23.338] [pool-4-thread-1/DEBUG] [io.netty.util.internal.PlatformDependent0/]: java.nio.Bits.unaligned: available, true
[20Nov2025 13:22:23.340] [pool-4-thread-1/DEBUG] [io.netty.util.internal.PlatformDependent0/]: jdk.internal.misc.Unsafe.allocateUninitializedArray(int): unavailable
java.lang.IllegalAccessException: class io.netty.util.internal.PlatformDependent0$7 (in module io.netty.common) cannot access class jdk.internal.misc.Unsafe (in module java.base) because module java.base does not export jdk.internal.misc to module io.netty.common
	at jdk.internal.reflect.Reflection.newIllegalAccessException(Reflection.java:392) ~[?:?]
	at java.lang.reflect.AccessibleObject.checkAccess(AccessibleObject.java:674) ~[?:?]
	at java.lang.reflect.Method.invoke(Method.java:560) ~[?:?]
	at io.netty.util.internal.PlatformDependent0$7.run(PlatformDependent0.java:410) ~[netty-common-4.1.82.Final.jar%23151!/:4.1.82.Final]
	at java.security.AccessController.doPrivileged(AccessController.java:318) ~[?:?]
	at io.netty.util.internal.PlatformDependent0.<clinit>(PlatformDependent0.java:401) ~[netty-common-4.1.82.Final.jar%23151!/:4.1.82.Final]
	at io.netty.util.internal.PlatformDependent.isAndroid(PlatformDependent.java:333) ~[netty-common-4.1.82.Final.jar%23151!/:4.1.82.Final]
	at io.netty.util.internal.PlatformDependent.<clinit>(PlatformDependent.java:88) ~[netty-common-4.1.82.Final.jar%23151!/:4.1.82.Final]
	at io.netty.util.ConstantPool.<init>(ConstantPool.java:34) ~[netty-common-4.1.82.Final.jar%23151!/:4.1.82.Final]
	at io.netty.util.AttributeKey$1.<init>(AttributeKey.java:27) ~[netty-common-4.1.82.Final.jar%23151!/:4.1.82.Final]
	at io.netty.util.AttributeKey.<clinit>(AttributeKey.java:27) ~[netty-common-4.1.82.Final.jar%23151!/:4.1.82.Final]
	at net.minecraftforge.network.NetworkConstants.<clinit>(NetworkConstants.java:34) ~[forge-1.20.1-47.4.10_mapped_official_1.20.1.jar%23190%23197!/:?]
	at net.minecraftforge.network.NetworkHooks.init(NetworkHooks.java:52) ~[forge-1.20.1-47.4.10_mapped_official_1.20.1.jar%23190%23197!/:?]
	at net.minecraft.server.Bootstrap.bootStrap(Bootstrap.java:62) ~[forge-1.20.1-47.4.10_mapped_official_1.20.1.jar%23191!/:?]
	at net.minecraft.client.main.Main.lambda$main$0(Main.java:151) ~[forge-1.20.1-47.4.10_mapped_official_1.20.1.jar%23191!/:?]
	at java.util.concurrent.Executors$RunnableAdapter.call(Executors.java:539) ~[?:?]
	at java.util.concurrent.FutureTask.run(FutureTask.java:264) ~[?:?]
	at java.util.concurrent.ThreadPoolExecutor.runWorker(ThreadPoolExecutor.java:1136) ~[?:?]
	at java.util.concurrent.ThreadPoolExecutor$Worker.run(ThreadPoolExecutor.java:635) ~[?:?]
	at java.lang.Thread.run(Thread.java:833) ~[?:?]
[20Nov2025 13:22:23.342] [pool-4-thread-1/DEBUG] [io.netty.util.internal.PlatformDependent0/]: java.nio.DirectByteBuffer.<init>(long, int): unavailable
[20Nov2025 13:22:23.343] [pool-4-thread-1/DEBUG] [io.netty.util.internal.PlatformDependent/]: sun.misc.Unsafe: available
[20Nov2025 13:22:23.344] [pool-4-thread-1/DEBUG] [io.netty.util.internal.PlatformDependent/]: maxDirectMemory: 4114612224 bytes (maybe)
[20Nov2025 13:22:23.344] [pool-4-thread-1/DEBUG] [io.netty.util.internal.PlatformDependent/]: -Dio.netty.tmpdir: C:\Users\sampw\AppData\Local\Temp (java.io.tmpdir)
[20Nov2025 13:22:23.345] [pool-4-thread-1/DEBUG] [io.netty.util.internal.PlatformDependent/]: -Dio.netty.bitMode: 64 (sun.arch.data.model)
[20Nov2025 13:22:23.345] [pool-4-thread-1/DEBUG] [io.netty.util.internal.PlatformDependent/]: Platform: Windows
[20Nov2025 13:22:23.347] [pool-4-thread-1/DEBUG] [io.netty.util.internal.PlatformDependent/]: -Dio.netty.maxDirectMemory: -1 bytes
[20Nov2025 13:22:23.347] [pool-4-thread-1/DEBUG] [io.netty.util.internal.PlatformDependent/]: -Dio.netty.uninitializedArrayAllocationThreshold: -1
[20Nov2025 13:22:23.351] [pool-4-thread-1/DEBUG] [io.netty.util.internal.CleanerJava9/]: java.nio.ByteBuffer.cleaner(): available
[20Nov2025 13:22:23.351] [pool-4-thread-1/DEBUG] [io.netty.util.internal.PlatformDependent/]: -Dio.netty.noPreferDirect: false
[20Nov2025 13:22:23.592] [pool-4-thread-1/DEBUG] [net.minecraftforge.network.NetworkHooks/]: Loading Network data for FML net version: FML3
[20Nov2025 13:22:24.405] [Render thread/WARN] [net.minecraft.server.packs.VanillaPackResourcesBuilder/]: Assets URL 'union:/C:/Users/sampw/.gradle/caches/forge_gradle/minecraft_user_repo/net/minecraftforge/forge/1.20.1-47.4.10_mapped_official_1.20.1/forge-1.20.1-47.4.10_mapped_official_1.20.1.jar%23191!/assets/.mcassetsroot' uses unexpected schema
[20Nov2025 13:22:24.405] [Render thread/WARN] [net.minecraft.server.packs.VanillaPackResourcesBuilder/]: Assets URL 'union:/C:/Users/sampw/.gradle/caches/forge_gradle/minecraft_user_repo/net/minecraftforge/forge/1.20.1-47.4.10_mapped_official_1.20.1/forge-1.20.1-47.4.10_mapped_official_1.20.1.jar%23191!/data/.mcassetsroot' uses unexpected schema
[20Nov2025 13:22:24.447] [Render thread/INFO] [com.mojang.authlib.yggdrasil.YggdrasilAuthenticationService/]: Environment: authHost='https://authserver.mojang.com', accountsHost='https://api.mojang.com', sessionHost='https://sessionserver.mojang.com', servicesHost='https://api.minecraftservices.com', name='PROD'
[20Nov2025 13:22:24.458] [Render thread/INFO] [net.minecraft.client.Minecraft/]: Setting user: Dev
[20Nov2025 13:22:24.676] [Render thread/INFO] [net.minecraft.client.Minecraft/]: Backend library: LWJGL version 3.3.1 build 7
[20Nov2025 13:22:24.773] [Render thread/DEBUG] [mixin/]: Mixing MouseHandlerMixin from mixins.cofhcore.json into net.minecraft.client.MouseHandler
[20Nov2025 13:22:25.098] [Render thread/DEBUG] [net.minecraftforge.common.ForgeI18n/CORE]: Loading I18N data entries: 6434
[20Nov2025 13:22:25.143] [Render thread/DEBUG] [net.minecraftforge.fml.ModWorkManager/LOADING]: Using 16 threads for parallel mod-loading
[20Nov2025 13:22:25.161] [Render thread/DEBUG] [net.minecraftforge.fml.javafmlmod.FMLJavaModLanguageProvider/LOADING]: Loading FMLModContainer from classloader cpw.mods.modlauncher.TransformingClassLoader@7d17ee50 - got cpw.mods.cl.ModuleClassLoader@14fc5d40
[20Nov2025 13:22:25.163] [Render thread/DEBUG] [net.minecraftforge.fml.javafmlmod.FMLModContainer/LOADING]: Creating FMLModContainer instance for net.minecraftforge.common.ForgeMod
[20Nov2025 13:22:25.169] [Render thread/DEBUG] [net.minecraftforge.fml.javafmlmod.FMLJavaModLanguageProvider/LOADING]: Loading FMLModContainer from classloader cpw.mods.modlauncher.TransformingClassLoader@7d17ee50 - got cpw.mods.cl.ModuleClassLoader@14fc5d40
[20Nov2025 13:22:25.170] [Render thread/DEBUG] [net.minecraftforge.fml.javafmlmod.FMLModContainer/LOADING]: Creating FMLModContainer instance for cofh.core.CoFHCore
[20Nov2025 13:22:25.173] [Render thread/DEBUG] [net.minecraftforge.fml.javafmlmod.FMLJavaModLanguageProvider/LOADING]: Loading FMLModContainer from classloader cpw.mods.modlauncher.TransformingClassLoader@7d17ee50 - got cpw.mods.cl.ModuleClassLoader@14fc5d40
[20Nov2025 13:22:25.173] [Render thread/DEBUG] [net.minecraftforge.fml.javafmlmod.FMLModContainer/LOADING]: Creating FMLModContainer instance for top.theillusivec4.curios.Curios
[20Nov2025 13:22:25.175] [Render thread/DEBUG] [net.minecraftforge.fml.javafmlmod.FMLJavaModLanguageProvider/LOADING]: Loading FMLModContainer from classloader cpw.mods.modlauncher.TransformingClassLoader@7d17ee50 - got cpw.mods.cl.ModuleClassLoader@14fc5d40
[20Nov2025 13:22:25.175] [Render thread/DEBUG] [net.minecraftforge.fml.javafmlmod.FMLModContainer/LOADING]: Creating FMLModContainer instance for cofh.thermal.core.ThermalCore
[20Nov2025 13:22:25.177] [Render thread/DEBUG] [net.minecraftforge.fml.javafmlmod.FMLJavaModLanguageProvider/LOADING]: Loading FMLModContainer from classloader cpw.mods.modlauncher.TransformingClassLoader@7d17ee50 - got cpw.mods.cl.ModuleClassLoader@14fc5d40
[20Nov2025 13:22:25.177] [Render thread/DEBUG] [net.minecraftforge.fml.javafmlmod.FMLModContainer/LOADING]: Creating FMLModContainer instance for cofh.thermal.expansion.ThermalExpansion
[20Nov2025 13:22:25.180] [Render thread/DEBUG] [net.minecraftforge.fml.javafmlmod.FMLJavaModLanguageProvider/LOADING]: Loading FMLModContainer from classloader cpw.mods.modlauncher.TransformingClassLoader@7d17ee50 - got cpw.mods.cl.ModuleClassLoader@14fc5d40
[20Nov2025 13:22:25.180] [Render thread/DEBUG] [net.minecraftforge.fml.javafmlmod.FMLModContainer/LOADING]: Creating FMLModContainer instance for cofh.thermal.foundation.ThermalFoundation
[20Nov2025 13:22:25.181] [Render thread/DEBUG] [net.minecraftforge.fml.javafmlmod.FMLJavaModLanguageProvider/LOADING]: Loading FMLModContainer from classloader cpw.mods.modlauncher.TransformingClassLoader@7d17ee50 - got cpw.mods.cl.ModuleClassLoader@14fc5d40
[20Nov2025 13:22:25.181] [Render thread/DEBUG] [net.minecraftforge.fml.javafmlmod.FMLModContainer/LOADING]: Creating FMLModContainer instance for cofh.thermal.innovation.ThermalInnovation
[20Nov2025 13:22:25.183] [Render thread/DEBUG] [net.minecraftforge.fml.javafmlmod.FMLJavaModLanguageProvider/LOADING]: Loading FMLModContainer from classloader cpw.mods.modlauncher.TransformingClassLoader@7d17ee50 - got cpw.mods.cl.ModuleClassLoader@14fc5d40
[20Nov2025 13:22:25.183] [Render thread/DEBUG] [net.minecraftforge.fml.javafmlmod.FMLModContainer/LOADING]: Creating FMLModContainer instance for cofh.thermal.dynamics.ThermalDynamics
[20Nov2025 13:22:25.185] [Render thread/DEBUG] [net.minecraftforge.fml.javafmlmod.FMLJavaModLanguageProvider/LOADING]: Loading FMLModContainer from classloader cpw.mods.modlauncher.TransformingClassLoader@7d17ee50 - got cpw.mods.cl.ModuleClassLoader@14fc5d40
[20Nov2025 13:22:25.186] [Render thread/DEBUG] [net.minecraftforge.fml.javafmlmod.FMLModContainer/LOADING]: Creating FMLModContainer instance for com.lightning323.tjetpacks.ThermalJetpacks
[20Nov2025 13:22:25.321] [modloading-worker-0/DEBUG] [thermal_dynamics/]: Channel thermal_dynamics:general, Register packet, ID: 1
[20Nov2025 13:22:25.325] [modloading-worker-0/DEBUG] [net.minecraftforge.versions.forge.ForgeVersion/CORE]: Forge Version package package net.minecraftforge.versions.forge, Forge, version 47.4 from cpw.mods.modlauncher.TransformingClassLoader@7d17ee50
[20Nov2025 13:22:25.326] [modloading-worker-0/DEBUG] [net.minecraftforge.versions.forge.ForgeVersion/CORE]: Found Forge version 47.4.10
[20Nov2025 13:22:25.326] [modloading-worker-0/DEBUG] [net.minecraftforge.versions.forge.ForgeVersion/CORE]: Found Forge spec 47.4
[20Nov2025 13:22:25.326] [modloading-worker-0/DEBUG] [net.minecraftforge.versions.forge.ForgeVersion/CORE]: Found Forge group net.minecraftforge
[20Nov2025 13:22:25.329] [modloading-worker-0/DEBUG] [net.minecraftforge.versions.mcp.MCPVersion/CORE]: MCP Version package package net.minecraftforge.versions.mcp, Minecraft, version 1.20.1 from cpw.mods.modlauncher.TransformingClassLoader@7d17ee50
[20Nov2025 13:22:25.329] [modloading-worker-0/DEBUG] [net.minecraftforge.versions.mcp.MCPVersion/CORE]: Found MC version information 1.20.1
[20Nov2025 13:22:25.329] [modloading-worker-0/DEBUG] [net.minecraftforge.versions.mcp.MCPVersion/CORE]: Found MCP version information 20230612.114412
[20Nov2025 13:22:25.329] [modloading-worker-0/INFO] [net.minecraftforge.common.ForgeMod/FORGEMOD]: Forge mod loading, version 47.4.10, for MC 1.20.1 with MCP 20230612.114412
[20Nov2025 13:22:25.329] [modloading-worker-0/INFO] [net.minecraftforge.common.MinecraftForge/FORGE]: MinecraftForge v47.4.10 Initialized
[20Nov2025 13:22:25.330] [modloading-worker-0/DEBUG] [thermal_dynamics/]: Channel thermal_dynamics:general, Register packet, ID: 32
[20Nov2025 13:22:25.336] [modloading-worker-0/DEBUG] [thermal_dynamics/]: Channel thermal_dynamics:general, Register packet, ID: 34
[20Nov2025 13:22:25.342] [modloading-worker-0/DEBUG] [thermal_dynamics/]: Channel thermal_dynamics:general, Register packet, ID: 100
[20Nov2025 13:22:25.350] [modloading-worker-0/DEBUG] [cofh_core/]: Channel cofh_core:general, Register packet, ID: 1
[20Nov2025 13:22:25.355] [modloading-worker-0/DEBUG] [cofh_core/]: Channel cofh_core:general, Register packet, ID: 2
[20Nov2025 13:22:25.360] [modloading-worker-0/DEBUG] [cofh_core/]: Channel cofh_core:general, Register packet, ID: 3
[20Nov2025 13:22:25.366] [modloading-worker-0/DEBUG] [cofh_core/]: Channel cofh_core:general, Register packet, ID: 4
[20Nov2025 13:22:25.372] [modloading-worker-0/DEBUG] [cofh_core/]: Channel cofh_core:general, Register packet, ID: 5
[20Nov2025 13:22:25.377] [modloading-worker-0/DEBUG] [cofh_core/]: Channel cofh_core:general, Register packet, ID: 8
[20Nov2025 13:22:25.382] [modloading-worker-0/DEBUG] [cofh_core/]: Channel cofh_core:general, Register packet, ID: 16
[20Nov2025 13:22:25.387] [modloading-worker-0/DEBUG] [cofh_core/]: Channel cofh_core:general, Register packet, ID: 17
[20Nov2025 13:22:25.403] [modloading-worker-0/DEBUG] [cofh_core/]: Channel cofh_core:general, Register packet, ID: 20
[20Nov2025 13:22:25.408] [modloading-worker-0/DEBUG] [cofh_core/]: Channel cofh_core:general, Register packet, ID: 21
[20Nov2025 13:22:25.415] [modloading-worker-0/DEBUG] [cofh_core/]: Channel cofh_core:general, Register packet, ID: 24
[20Nov2025 13:22:25.420] [modloading-worker-0/DEBUG] [mixin/]: Mixing MultiPlayerGameModeMixin from mixins.cofhcore.json into net.minecraft.client.multiplayer.MultiPlayerGameMode
[20Nov2025 13:22:25.420] [modloading-worker-0/DEBUG] [cofh_core/]: Channel cofh_core:general, Register packet, ID: 25
[20Nov2025 13:22:25.423] [modloading-worker-0/DEBUG] [net.minecraftforge.fml.javafmlmod.AutomaticEventSubscriber/LOADING]: Attempting to inject @EventBusSubscriber classes into the eventbus for thermal_innovation
[20Nov2025 13:22:25.431] [modloading-worker-0/DEBUG] [net.minecraftforge.fml.javafmlmod.AutomaticEventSubscriber/LOADING]: Auto-subscribing cofh.thermal.innovation.init.data.TInoDataGen to MOD
[20Nov2025 13:22:25.457] [modloading-worker-0/DEBUG] [cofh_core/]: Channel cofh_core:general, Register packet, ID: 28
[20Nov2025 13:22:25.463] [modloading-worker-0/DEBUG] [cofh_core/]: Channel cofh_core:general, Register packet, ID: 32
[20Nov2025 13:22:25.468] [modloading-worker-0/DEBUG] [cofh_core/]: Channel cofh_core:general, Register packet, ID: 33
[20Nov2025 13:22:25.474] [modloading-worker-0/DEBUG] [cofh_core/]: Channel cofh_core:general, Register packet, ID: 34
[20Nov2025 13:22:25.480] [modloading-worker-0/DEBUG] [cofh_core/]: Channel cofh_core:general, Register packet, ID: 35
[20Nov2025 13:22:25.483] [modloading-worker-0/DEBUG] [net.minecraftforge.fml.javafmlmod.AutomaticEventSubscriber/LOADING]: Auto-subscribing cofh.thermal.innovation.client.event.TInoClientSetupEvents to MOD
[20Nov2025 13:22:25.486] [modloading-worker-0/DEBUG] [cofh_core/]: Channel cofh_core:general, Register packet, ID: 36
[20Nov2025 13:22:25.491] [modloading-worker-0/DEBUG] [cofh_core/]: Channel cofh_core:general, Register packet, ID: 37
[20Nov2025 13:22:25.496] [modloading-worker-0/DEBUG] [cofh_core/]: Channel cofh_core:general, Register packet, ID: 38
[20Nov2025 13:22:25.503] [modloading-worker-0/DEBUG] [cofh_core/]: Channel cofh_core:general, Register packet, ID: 64
[20Nov2025 13:22:25.505] [modloading-worker-0/DEBUG] [net.minecraftforge.fml.javafmlmod.AutomaticEventSubscriber/LOADING]: Attempting to inject @EventBusSubscriber classes into the eventbus for thermal_dynamics
[20Nov2025 13:22:25.505] [modloading-worker-0/DEBUG] [net.minecraftforge.fml.javafmlmod.AutomaticEventSubscriber/LOADING]: Auto-subscribing cofh.thermal.dynamics.init.data.TDynDataGen to MOD
[20Nov2025 13:22:25.508] [modloading-worker-0/DEBUG] [cofh_core/]: Channel cofh_core:general, Register packet, ID: 65
[20Nov2025 13:22:25.511] [modloading-worker-0/DEBUG] [net.minecraftforge.fml.javafmlmod.AutomaticEventSubscriber/LOADING]: Auto-subscribing cofh.thermal.dynamics.client.event.TDynClientSetupEvents to MOD
[20Nov2025 13:22:25.511] [modloading-worker-0/DEBUG] [net.minecraftforge.fml.config.ConfigTracker/CONFIG]: Config file curios-client.toml for curios tracking
[20Nov2025 13:22:25.513] [modloading-worker-0/DEBUG] [cofh_core/]: Channel cofh_core:general, Register packet, ID: 66
[20Nov2025 13:22:25.518] [modloading-worker-0/DEBUG] [cofh_core/]: Channel cofh_core:general, Register packet, ID: 67
[20Nov2025 13:22:25.520] [modloading-worker-0/DEBUG] [net.minecraftforge.fml.javafmlmod.AutomaticEventSubscriber/LOADING]: Attempting to inject @EventBusSubscriber classes into the eventbus for thermal_foundation
[20Nov2025 13:22:25.520] [modloading-worker-0/DEBUG] [net.minecraftforge.fml.javafmlmod.AutomaticEventSubscriber/LOADING]: Auto-subscribing cofh.thermal.foundation.init.data.TFndDataGen to MOD
[20Nov2025 13:22:25.520] [modloading-worker-0/DEBUG] [net.minecraftforge.fml.config.ConfigTracker/CONFIG]: Config file tjetpacks-client.toml for tjetpacks tracking
[20Nov2025 13:22:25.522] [modloading-worker-0/DEBUG] [net.minecraftforge.fml.config.ConfigTracker/CONFIG]: Config file tjetpacks-common.toml for tjetpacks tracking
[20Nov2025 13:22:25.522] [modloading-worker-0/DEBUG] [net.minecraftforge.fml.ModLoadingContext/]: Attempted to register an empty config for type SERVER on mod tjetpacks
[20Nov2025 13:22:25.524] [modloading-worker-0/DEBUG] [cofh_core/]: Channel cofh_core:general, Register packet, ID: 96
[20Nov2025 13:22:25.526] [modloading-worker-0/DEBUG] [net.minecraftforge.fml.javafmlmod.AutomaticEventSubscriber/LOADING]: Auto-subscribing cofh.thermal.foundation.common.event.TFndCommonSetupEvents to FORGE
[20Nov2025 13:22:25.530] [modloading-worker-0/DEBUG] [net.minecraftforge.fml.config.ConfigTracker/CONFIG]: Config file curios-common.toml for curios tracking
[20Nov2025 13:22:25.531] [modloading-worker-0/DEBUG] [net.minecraftforge.fml.config.ConfigTracker/CONFIG]: Config file curios-server.toml for curios tracking
[20Nov2025 13:22:25.531] [modloading-worker-0/DEBUG] [net.minecraftforge.fml.javafmlmod.AutomaticEventSubscriber/LOADING]: Attempting to inject @EventBusSubscriber classes into the eventbus for curios
[20Nov2025 13:22:25.531] [modloading-worker-0/DEBUG] [cofh_core/]: Channel cofh_core:general, Register packet, ID: 97
[20Nov2025 13:22:25.531] [modloading-worker-0/DEBUG] [net.minecraftforge.fml.javafmlmod.AutomaticEventSubscriber/LOADING]: Auto-subscribing top.theillusivec4.curios.Curios$ClientProxy to MOD
[20Nov2025 13:22:25.534] [modloading-worker-0/DEBUG] [net.minecraftforge.fml.javafmlmod.AutomaticEventSubscriber/LOADING]: Attempting to inject @EventBusSubscriber classes into the eventbus for thermal_expansion
[20Nov2025 13:22:25.534] [modloading-worker-0/DEBUG] [net.minecraftforge.fml.javafmlmod.AutomaticEventSubscriber/LOADING]: Auto-subscribing cofh.thermal.expansion.init.data.TExpDataGen to MOD
[20Nov2025 13:22:25.562] [modloading-worker-0/DEBUG] [net.minecraftforge.fml.config.ConfigTracker/CONFIG]: Config file cofh_core-client.toml for cofh_core tracking
[20Nov2025 13:22:25.563] [modloading-worker-0/DEBUG] [net.minecraftforge.fml.config.ConfigTracker/CONFIG]: Config file forge-client.toml for forge tracking
[20Nov2025 13:22:25.563] [modloading-worker-0/DEBUG] [net.minecraftforge.fml.config.ConfigTracker/CONFIG]: Config file forge-server.toml for forge tracking
[20Nov2025 13:22:25.563] [modloading-worker-0/DEBUG] [net.minecraftforge.fml.ModLoadingContext/]: Attempted to register an empty config for type COMMON on mod forge
[20Nov2025 13:22:25.575] [modloading-worker-0/DEBUG] [net.minecraftforge.fml.javafmlmod.AutomaticEventSubscriber/LOADING]: Attempting to inject @EventBusSubscriber classes into the eventbus for tjetpacks
[20Nov2025 13:22:25.576] [modloading-worker-0/DEBUG] [net.minecraftforge.fml.javafmlmod.AutomaticEventSubscriber/LOADING]: Auto-subscribing com.lightning323.tjetpacks.client.JetpackModelLayers to MOD
[20Nov2025 13:22:25.579] [modloading-worker-0/DEBUG] [net.minecraftforge.fml.config.ConfigTracker/CONFIG]: Config file cofh_core-server.toml for cofh_core tracking
[20Nov2025 13:22:25.586] [modloading-worker-0/DEBUG] [net.minecraftforge.fml.javafmlmod.AutomaticEventSubscriber/LOADING]: Auto-subscribing com.lightning323.tjetpacks.config.ModConfig to MOD
[20Nov2025 13:22:25.588] [modloading-worker-0/DEBUG] [net.minecraftforge.fml.javafmlmod.AutomaticEventSubscriber/LOADING]: Auto-subscribing com.lightning323.tjetpacks.datagen.ModDataGenerator to MOD
[20Nov2025 13:22:25.593] [modloading-worker-0/DEBUG] [net.minecraftforge.fml.javafmlmod.AutomaticEventSubscriber/LOADING]: Auto-subscribing com.lightning323.tjetpacks.handlers.CommonJetpackHandler to MOD
[20Nov2025 13:22:25.593] [modloading-worker-0/DEBUG] [net.minecraftforge.fml.javafmlmod.AutomaticEventSubscriber/LOADING]: Auto-subscribing com.lightning323.tjetpacks.handlers.KeybindHandler to MOD
[20Nov2025 13:22:25.604] [modloading-worker-0/DEBUG] [net.minecraftforge.fml.javafmlmod.AutomaticEventSubscriber/LOADING]: Auto-subscribing com.lightning323.tjetpacks.handlers.ServerModEvents to FORGE
[20Nov2025 13:22:25.610] [modloading-worker-0/DEBUG] [net.minecraftforge.fml.javafmlmod.AutomaticEventSubscriber/LOADING]: Attempting to inject @EventBusSubscriber classes into the eventbus for forge
[20Nov2025 13:22:25.610] [modloading-worker-0/DEBUG] [net.minecraftforge.fml.javafmlmod.AutomaticEventSubscriber/LOADING]: Auto-subscribing net.minecraftforge.common.ForgeSpawnEggItem$CommonHandler to MOD
[20Nov2025 13:22:25.616] [modloading-worker-0/DEBUG] [net.minecraftforge.fml.javafmlmod.AutomaticEventSubscriber/LOADING]: Auto-subscribing net.minecraftforge.common.ForgeSpawnEggItem$ColorRegisterHandler to MOD
[20Nov2025 13:22:25.629] [modloading-worker-0/DEBUG] [net.minecraftforge.fml.javafmlmod.AutomaticEventSubscriber/LOADING]: Auto-subscribing net.minecraftforge.client.model.data.ModelDataManager to FORGE
[20Nov2025 13:22:25.632] [modloading-worker-0/DEBUG] [net.minecraftforge.fml.javafmlmod.AutomaticEventSubscriber/LOADING]: Auto-subscribing net.minecraftforge.client.ForgeHooksClient$ClientEvents to MOD
[20Nov2025 13:22:25.648] [modloading-worker-0/DEBUG] [net.minecraftforge.fml.javafmlmod.AutomaticEventSubscriber/LOADING]: Auto-subscribing net.minecraftforge.client.ClientForgeMod to MOD
[20Nov2025 13:22:25.666] [modloading-worker-0/DEBUG] [net.minecraftforge.fml.javafmlmod.AutomaticEventSubscriber/LOADING]: Attempting to inject @EventBusSubscriber classes into the eventbus for cofh_core
[20Nov2025 13:22:25.667] [modloading-worker-0/DEBUG] [net.minecraftforge.fml.javafmlmod.AutomaticEventSubscriber/LOADING]: Auto-subscribing cofh.core.init.data.CoreDataGen to MOD
[20Nov2025 13:22:25.669] [modloading-worker-0/DEBUG] [net.minecraftforge.fml.javafmlmod.AutomaticEventSubscriber/LOADING]: Auto-subscribing cofh.core.init.CoreShaders to MOD
[20Nov2025 13:22:25.692] [modloading-worker-0/DEBUG] [mixin/]: Mixing GameRendererMixin from mixins.cofhcore.json into net.minecraft.client.renderer.GameRenderer
[20Nov2025 13:22:25.785] [modloading-worker-0/DEBUG] [net.minecraftforge.fml.javafmlmod.AutomaticEventSubscriber/LOADING]: Auto-subscribing cofh.core.common.item.ItemTracker to FORGE
[20Nov2025 13:22:25.803] [modloading-worker-0/DEBUG] [net.minecraftforge.fml.javafmlmod.AutomaticEventSubscriber/LOADING]: Auto-subscribing cofh.core.common.event.ShieldEvents to FORGE
[20Nov2025 13:22:25.810] [modloading-worker-0/DEBUG] [net.minecraftforge.fml.javafmlmod.AutomaticEventSubscriber/LOADING]: Auto-subscribing cofh.core.common.event.EffectEvents to FORGE
[20Nov2025 13:22:25.836] [modloading-worker-0/DEBUG] [net.minecraftforge.fml.javafmlmod.AutomaticEventSubscriber/LOADING]: Auto-subscribing cofh.core.common.event.CoreCommonEvents to FORGE
[20Nov2025 13:22:25.850] [modloading-worker-0/DEBUG] [net.minecraftforge.fml.javafmlmod.AutomaticEventSubscriber/LOADING]: Auto-subscribing cofh.core.common.event.ArmorEvents to FORGE
[20Nov2025 13:22:25.859] [modloading-worker-0/DEBUG] [net.minecraftforge.fml.javafmlmod.AutomaticEventSubscriber/LOADING]: Auto-subscribing cofh.core.common.event.AreaEffectEvents to FORGE
[20Nov2025 13:22:25.868] [modloading-worker-0/DEBUG] [net.minecraftforge.fml.javafmlmod.AutomaticEventSubscriber/LOADING]: Auto-subscribing cofh.core.common.event.ArcheryEvents to FORGE
[20Nov2025 13:22:25.878] [modloading-worker-0/DEBUG] [net.minecraftforge.fml.javafmlmod.AutomaticEventSubscriber/LOADING]: Auto-subscribing cofh.core.common.TransientLightManager to FORGE
[20Nov2025 13:22:25.905] [modloading-worker-0/DEBUG] [net.minecraftforge.fml.javafmlmod.AutomaticEventSubscriber/LOADING]: Auto-subscribing cofh.core.client.event.CoreClientSetupEvents to MOD
[20Nov2025 13:22:25.927] [modloading-worker-0/DEBUG] [net.minecraftforge.fml.javafmlmod.AutomaticEventSubscriber/LOADING]: Auto-subscribing cofh.core.client.event.CoreClientEvents to FORGE
[20Nov2025 13:22:25.988] [modloading-worker-0/DEBUG] [net.minecraftforge.fml.javafmlmod.AutomaticEventSubscriber/LOADING]: Attempting to inject @EventBusSubscriber classes into the eventbus for thermal
[20Nov2025 13:22:25.988] [modloading-worker-0/DEBUG] [net.minecraftforge.fml.javafmlmod.AutomaticEventSubscriber/LOADING]: Auto-subscribing cofh.thermal.core.init.data.TCoreDataGen to MOD
[20Nov2025 13:22:25.991] [modloading-worker-0/DEBUG] [mixin/]: Mixing LevelRendererMixin from mixins.cofhcore.json into net.minecraft.client.renderer.LevelRenderer
[20Nov2025 13:22:26.057] [modloading-worker-0/DEBUG] [net.minecraftforge.fml.javafmlmod.AutomaticEventSubscriber/LOADING]: Auto-subscribing cofh.thermal.core.common.event.TCoreCommonSetupEvents to FORGE
[20Nov2025 13:22:26.065] [modloading-worker-0/DEBUG] [net.minecraftforge.fml.javafmlmod.AutomaticEventSubscriber/LOADING]: Auto-subscribing cofh.thermal.core.common.event.TCoreCommonEvents to FORGE
[20Nov2025 13:22:26.070] [modloading-worker-0/DEBUG] [net.minecraftforge.fml.javafmlmod.AutomaticEventSubscriber/LOADING]: Auto-subscribing cofh.thermal.core.client.event.TCoreClientSetupEvents to MOD
[20Nov2025 13:22:26.076] [modloading-worker-0/DEBUG] [net.minecraftforge.fml.javafmlmod.AutomaticEventSubscriber/LOADING]: Auto-subscribing cofh.thermal.core.client.event.TCoreClientEvents to FORGE
[20Nov2025 13:22:26.081] [modloading-worker-0/DEBUG] [net.minecraftforge.fml.javafmlmod.AutomaticEventSubscriber/LOADING]: Auto-subscribing cofh.thermal.core.client.ThermalTextures to MOD
[20Nov2025 13:22:26.082] [modloading-worker-0/DEBUG] [net.minecraftforge.fml.javafmlmod.AutomaticEventSubscriber/LOADING]: Auto-subscribing cofh.core.client.event.AreaEffectClientEvents to FORGE
[20Nov2025 13:22:26.095] [Render thread/DEBUG] [net.minecraftforge.fml.config.ConfigTracker/CONFIG]: Config file cofh_core-common.toml for cofh_core tracking
[20Nov2025 13:22:26.108] [Render thread/DEBUG] [net.minecraftforge.fml.config.ConfigTracker/CONFIG]: Config file thermal-client.toml for thermal tracking
[20Nov2025 13:22:26.112] [Render thread/DEBUG] [net.minecraftforge.fml.config.ConfigTracker/CONFIG]: Config file thermal-server.toml for thermal tracking
[20Nov2025 13:22:26.114] [Render thread/DEBUG] [net.minecraftforge.fml.config.ConfigTracker/CONFIG]: Config file thermal-common.toml for thermal tracking
[20Nov2025 13:22:26.167] [Render thread/DEBUG] [net.minecraftforge.registries.ObjectHolderRegistry/REGISTRIES]: Processing ObjectHolder annotations
[20Nov2025 13:22:26.203] [Render thread/DEBUG] [net.minecraftforge.registries.ObjectHolderRegistry/REGISTRIES]: Found 4738 ObjectHolder annotations
[20Nov2025 13:22:26.210] [Render thread/DEBUG] [net.minecraftforge.common.capabilities.CapabilityManager/CAPABILITIES]: Attempting to automatically register: Lnet/minecraftforge/energy/IEnergyStorage;
[20Nov2025 13:22:26.212] [Render thread/DEBUG] [net.minecraftforge.common.capabilities.CapabilityManager/CAPABILITIES]: Attempting to automatically register: Lnet/minecraftforge/fluids/capability/IFluidHandler;
[20Nov2025 13:22:26.212] [Render thread/DEBUG] [net.minecraftforge.common.capabilities.CapabilityManager/CAPABILITIES]: Attempting to automatically register: Lnet/minecraftforge/fluids/capability/IFluidHandlerItem;
[20Nov2025 13:22:26.212] [Render thread/DEBUG] [net.minecraftforge.common.capabilities.CapabilityManager/CAPABILITIES]: Attempting to automatically register: Lnet/minecraftforge/items/IItemHandler;
[20Nov2025 13:22:26.243] [Render thread/DEBUG] [net.minecraftforge.registries.GameData/REGISTRIES]: Unfreezing vanilla registries
[20Nov2025 13:22:26.253] [Render thread/DEBUG] [net.minecraftforge.registries.GameData/REGISTRIES]: Applying holder lookups: minecraft:sound_event
[20Nov2025 13:22:26.257] [Render thread/DEBUG] [net.minecraftforge.registries.GameData/REGISTRIES]: Holder lookups applied: minecraft:sound_event
[20Nov2025 13:22:26.270] [Render thread/DEBUG] [net.minecraftforge.registries.GameData/REGISTRIES]: Applying holder lookups: minecraft:fluid
[20Nov2025 13:22:26.272] [Render thread/DEBUG] [net.minecraftforge.registries.GameData/REGISTRIES]: Holder lookups applied: minecraft:fluid
[20Nov2025 13:22:26.418] [Render thread/DEBUG] [net.minecraftforge.registries.GameData/REGISTRIES]: Applying holder lookups: minecraft:block
[20Nov2025 13:22:26.420] [Render thread/DEBUG] [net.minecraftforge.registries.GameData/REGISTRIES]: Holder lookups applied: minecraft:block
[20Nov2025 13:22:26.420] [Render thread/DEBUG] [net.minecraftforge.registries.GameData/REGISTRIES]: Applying holder lookups: minecraft:attribute
[20Nov2025 13:22:26.422] [Render thread/DEBUG] [net.minecraftforge.registries.GameData/REGISTRIES]: Holder lookups applied: minecraft:attribute
[20Nov2025 13:22:26.428] [Render thread/DEBUG] [net.minecraftforge.registries.GameData/REGISTRIES]: Applying holder lookups: minecraft:mob_effect
[20Nov2025 13:22:26.429] [Render thread/DEBUG] [net.minecraftforge.registries.GameData/REGISTRIES]: Holder lookups applied: minecraft:mob_effect
[20Nov2025 13:22:26.441] [Render thread/DEBUG] [net.minecraftforge.registries.GameData/REGISTRIES]: Applying holder lookups: minecraft:particle_type
[20Nov2025 13:22:26.442] [Render thread/DEBUG] [net.minecraftforge.registries.GameData/REGISTRIES]: Holder lookups applied: minecraft:particle_type
[20Nov2025 13:22:26.596] [Render thread/DEBUG] [net.minecraftforge.registries.GameData/REGISTRIES]: Applying holder lookups: minecraft:item
[20Nov2025 13:22:26.598] [Render thread/DEBUG] [net.minecraftforge.registries.GameData/REGISTRIES]: Holder lookups applied: minecraft:item
[20Nov2025 13:22:26.621] [Render thread/DEBUG] [net.minecraftforge.registries.GameData/REGISTRIES]: Applying holder lookups: minecraft:entity_type
[20Nov2025 13:22:26.622] [Render thread/DEBUG] [net.minecraftforge.registries.GameData/REGISTRIES]: Holder lookups applied: minecraft:entity_type
[20Nov2025 13:22:26.622] [Render thread/DEBUG] [net.minecraftforge.registries.GameData/REGISTRIES]: Applying holder lookups: minecraft:sensor_type
[20Nov2025 13:22:26.622] [Render thread/DEBUG] [net.minecraftforge.registries.GameData/REGISTRIES]: Holder lookups applied: minecraft:sensor_type
[20Nov2025 13:22:26.623] [Render thread/DEBUG] [net.minecraftforge.registries.GameData/REGISTRIES]: Applying holder lookups: minecraft:memory_module_type
[20Nov2025 13:22:26.623] [Render thread/DEBUG] [net.minecraftforge.registries.GameData/REGISTRIES]: Holder lookups applied: minecraft:memory_module_type
[20Nov2025 13:22:26.624] [Render thread/DEBUG] [net.minecraftforge.registries.GameData/REGISTRIES]: Applying holder lookups: minecraft:potion
[20Nov2025 13:22:26.624] [Render thread/DEBUG] [net.minecraftforge.registries.GameData/REGISTRIES]: Holder lookups applied: minecraft:potion
[20Nov2025 13:22:26.626] [Render thread/DEBUG] [net.minecraftforge.registries.GameData/REGISTRIES]: Applying holder lookups: minecraft:game_event
[20Nov2025 13:22:26.626] [Render thread/DEBUG] [net.minecraftforge.registries.GameData/REGISTRIES]: Holder lookups applied: minecraft:game_event
[20Nov2025 13:22:26.627] [Render thread/DEBUG] [net.minecraftforge.registries.GameData/REGISTRIES]: Applying holder lookups: minecraft:enchantment
[20Nov2025 13:22:26.627] [Render thread/DEBUG] [net.minecraftforge.registries.GameData/REGISTRIES]: Holder lookups applied: minecraft:enchantment
[20Nov2025 13:22:26.679] [Render thread/DEBUG] [net.minecraftforge.registries.GameData/REGISTRIES]: Applying holder lookups: minecraft:block_entity_type
[20Nov2025 13:22:26.680] [Render thread/DEBUG] [net.minecraftforge.registries.GameData/REGISTRIES]: Holder lookups applied: minecraft:block_entity_type
[20Nov2025 13:22:26.680] [Render thread/DEBUG] [net.minecraftforge.registries.GameData/REGISTRIES]: Applying holder lookups: minecraft:painting_variant
[20Nov2025 13:22:26.681] [Render thread/DEBUG] [net.minecraftforge.registries.GameData/REGISTRIES]: Holder lookups applied: minecraft:painting_variant
[20Nov2025 13:22:26.681] [Render thread/DEBUG] [net.minecraftforge.registries.GameData/REGISTRIES]: Applying holder lookups: minecraft:stat_type
[20Nov2025 13:22:26.682] [Render thread/DEBUG] [net.minecraftforge.registries.GameData/REGISTRIES]: Holder lookups applied: minecraft:stat_type
[20Nov2025 13:22:26.682] [Render thread/DEBUG] [net.minecraftforge.registries.GameData/REGISTRIES]: Applying holder lookups: minecraft:custom_stat
[20Nov2025 13:22:26.682] [Render thread/DEBUG] [net.minecraftforge.registries.GameData/REGISTRIES]: Holder lookups applied: minecraft:custom_stat
[20Nov2025 13:22:26.683] [Render thread/DEBUG] [net.minecraftforge.registries.GameData/REGISTRIES]: Applying holder lookups: minecraft:chunk_status
[20Nov2025 13:22:26.683] [Render thread/DEBUG] [net.minecraftforge.registries.GameData/REGISTRIES]: Holder lookups applied: minecraft:chunk_status
[20Nov2025 13:22:26.683] [Render thread/DEBUG] [net.minecraftforge.registries.GameData/REGISTRIES]: Applying holder lookups: minecraft:rule_test
[20Nov2025 13:22:26.684] [Render thread/DEBUG] [net.minecraftforge.registries.GameData/REGISTRIES]: Holder lookups applied: minecraft:rule_test
[20Nov2025 13:22:26.684] [Render thread/DEBUG] [net.minecraftforge.registries.GameData/REGISTRIES]: Applying holder lookups: minecraft:rule_block_entity_modifier
[20Nov2025 13:22:26.685] [Render thread/DEBUG] [net.minecraftforge.registries.GameData/REGISTRIES]: Holder lookups applied: minecraft:rule_block_entity_modifier
[20Nov2025 13:22:26.685] [Render thread/DEBUG] [net.minecraftforge.registries.GameData/REGISTRIES]: Applying holder lookups: minecraft:pos_rule_test
[20Nov2025 13:22:26.686] [Render thread/DEBUG] [net.minecraftforge.registries.GameData/REGISTRIES]: Holder lookups applied: minecraft:pos_rule_test
[20Nov2025 13:22:26.706] [Render thread/DEBUG] [net.minecraftforge.registries.GameData/REGISTRIES]: Applying holder lookups: minecraft:menu
[20Nov2025 13:22:26.707] [Render thread/DEBUG] [net.minecraftforge.registries.GameData/REGISTRIES]: Holder lookups applied: minecraft:menu
[20Nov2025 13:22:26.708] [Render thread/DEBUG] [net.minecraftforge.registries.GameData/REGISTRIES]: Applying holder lookups: minecraft:recipe_type
[20Nov2025 13:22:26.709] [Render thread/DEBUG] [net.minecraftforge.registries.GameData/REGISTRIES]: Holder lookups applied: minecraft:recipe_type
[20Nov2025 13:22:26.750] [Render thread/DEBUG] [net.minecraftforge.registries.GameData/REGISTRIES]: Applying holder lookups: minecraft:recipe_serializer
[20Nov2025 13:22:26.750] [Render thread/DEBUG] [net.minecraftforge.registries.GameData/REGISTRIES]: Holder lookups applied: minecraft:recipe_serializer
[20Nov2025 13:22:26.751] [Render thread/DEBUG] [net.minecraftforge.registries.GameData/REGISTRIES]: Applying holder lookups: minecraft:position_source_type
[20Nov2025 13:22:26.751] [Render thread/DEBUG] [net.minecraftforge.registries.GameData/REGISTRIES]: Holder lookups applied: minecraft:position_source_type
[20Nov2025 13:22:26.755] [Render thread/DEBUG] [net.minecraftforge.registries.GameData/REGISTRIES]: Applying holder lookups: minecraft:command_argument_type
[20Nov2025 13:22:26.756] [Render thread/DEBUG] [net.minecraftforge.registries.GameData/REGISTRIES]: Holder lookups applied: minecraft:command_argument_type
[20Nov2025 13:22:26.756] [Render thread/DEBUG] [net.minecraftforge.registries.GameData/REGISTRIES]: Applying holder lookups: minecraft:villager_type
[20Nov2025 13:22:26.757] [Render thread/DEBUG] [net.minecraftforge.registries.GameData/REGISTRIES]: Holder lookups applied: minecraft:villager_type
[20Nov2025 13:22:26.757] [Render thread/DEBUG] [net.minecraftforge.registries.GameData/REGISTRIES]: Applying holder lookups: minecraft:villager_profession
[20Nov2025 13:22:26.758] [Render thread/DEBUG] [net.minecraftforge.registries.GameData/REGISTRIES]: Holder lookups applied: minecraft:villager_profession
[20Nov2025 13:22:26.758] [Render thread/DEBUG] [net.minecraftforge.registries.GameData/REGISTRIES]: Applying holder lookups: minecraft:point_of_interest_type
[20Nov2025 13:22:26.758] [Render thread/DEBUG] [net.minecraftforge.registries.GameData/REGISTRIES]: Holder lookups applied: minecraft:point_of_interest_type
[20Nov2025 13:22:26.758] [Render thread/DEBUG] [net.minecraftforge.registries.GameData/REGISTRIES]: Applying holder lookups: minecraft:schedule
[20Nov2025 13:22:26.760] [Render thread/DEBUG] [net.minecraftforge.registries.GameData/REGISTRIES]: Holder lookups applied: minecraft:schedule
[20Nov2025 13:22:26.760] [Render thread/DEBUG] [net.minecraftforge.registries.GameData/REGISTRIES]: Applying holder lookups: minecraft:activity
[20Nov2025 13:22:26.760] [Render thread/DEBUG] [net.minecraftforge.registries.GameData/REGISTRIES]: Holder lookups applied: minecraft:activity
[20Nov2025 13:22:26.760] [Render thread/DEBUG] [net.minecraftforge.registries.GameData/REGISTRIES]: Applying holder lookups: minecraft:loot_pool_entry_type
[20Nov2025 13:22:26.760] [Render thread/DEBUG] [net.minecraftforge.registries.GameData/REGISTRIES]: Holder lookups applied: minecraft:loot_pool_entry_type
[20Nov2025 13:22:26.760] [Render thread/DEBUG] [net.minecraftforge.registries.GameData/REGISTRIES]: Applying holder lookups: minecraft:loot_function_type
[20Nov2025 13:22:26.761] [Render thread/DEBUG] [net.minecraftforge.registries.GameData/REGISTRIES]: Holder lookups applied: minecraft:loot_function_type
[20Nov2025 13:22:26.764] [Render thread/DEBUG] [net.minecraftforge.registries.GameData/REGISTRIES]: Applying holder lookups: minecraft:loot_condition_type
[20Nov2025 13:22:26.765] [Render thread/DEBUG] [net.minecraftforge.registries.GameData/REGISTRIES]: Holder lookups applied: minecraft:loot_condition_type
[20Nov2025 13:22:26.765] [Render thread/DEBUG] [net.minecraftforge.registries.GameData/REGISTRIES]: Applying holder lookups: minecraft:loot_number_provider_type
[20Nov2025 13:22:26.766] [Render thread/DEBUG] [net.minecraftforge.registries.GameData/REGISTRIES]: Holder lookups applied: minecraft:loot_number_provider_type
[20Nov2025 13:22:26.766] [Render thread/DEBUG] [net.minecraftforge.registries.GameData/REGISTRIES]: Applying holder lookups: minecraft:loot_nbt_provider_type
[20Nov2025 13:22:26.766] [Render thread/DEBUG] [net.minecraftforge.registries.GameData/REGISTRIES]: Holder lookups applied: minecraft:loot_nbt_provider_type
[20Nov2025 13:22:26.766] [Render thread/DEBUG] [net.minecraftforge.registries.GameData/REGISTRIES]: Applying holder lookups: minecraft:loot_score_provider_type
[20Nov2025 13:22:26.767] [Render thread/DEBUG] [net.minecraftforge.registries.GameData/REGISTRIES]: Holder lookups applied: minecraft:loot_score_provider_type
[20Nov2025 13:22:26.767] [Render thread/DEBUG] [net.minecraftforge.registries.GameData/REGISTRIES]: Applying holder lookups: minecraft:float_provider_type
[20Nov2025 13:22:26.768] [Render thread/DEBUG] [net.minecraftforge.registries.GameData/REGISTRIES]: Holder lookups applied: minecraft:float_provider_type
[20Nov2025 13:22:26.768] [Render thread/DEBUG] [net.minecraftforge.registries.GameData/REGISTRIES]: Applying holder lookups: minecraft:int_provider_type
[20Nov2025 13:22:26.768] [Render thread/DEBUG] [net.minecraftforge.registries.GameData/REGISTRIES]: Holder lookups applied: minecraft:int_provider_type
[20Nov2025 13:22:26.768] [Render thread/DEBUG] [net.minecraftforge.registries.GameData/REGISTRIES]: Applying holder lookups: minecraft:height_provider_type
[20Nov2025 13:22:26.769] [Render thread/DEBUG] [net.minecraftforge.registries.GameData/REGISTRIES]: Holder lookups applied: minecraft:height_provider_type
[20Nov2025 13:22:26.769] [Render thread/DEBUG] [net.minecraftforge.registries.GameData/REGISTRIES]: Applying holder lookups: minecraft:block_predicate_type
[20Nov2025 13:22:26.770] [Render thread/DEBUG] [net.minecraftforge.registries.GameData/REGISTRIES]: Holder lookups applied: minecraft:block_predicate_type
[20Nov2025 13:22:26.771] [Render thread/DEBUG] [net.minecraftforge.registries.GameData/REGISTRIES]: Applying holder lookups: minecraft:worldgen/carver
[20Nov2025 13:22:26.771] [Render thread/DEBUG] [net.minecraftforge.registries.GameData/REGISTRIES]: Holder lookups applied: minecraft:worldgen/carver
[20Nov2025 13:22:26.772] [Render thread/DEBUG] [net.minecraftforge.registries.GameData/REGISTRIES]: Applying holder lookups: minecraft:worldgen/feature
[20Nov2025 13:22:26.772] [Render thread/DEBUG] [net.minecraftforge.registries.GameData/REGISTRIES]: Holder lookups applied: minecraft:worldgen/feature
[20Nov2025 13:22:26.773] [Render thread/DEBUG] [net.minecraftforge.registries.GameData/REGISTRIES]: Applying holder lookups: minecraft:worldgen/structure_processor
[20Nov2025 13:22:26.773] [Render thread/DEBUG] [net.minecraftforge.registries.GameData/REGISTRIES]: Holder lookups applied: minecraft:worldgen/structure_processor
[20Nov2025 13:22:26.774] [Render thread/DEBUG] [net.minecraftforge.registries.GameData/REGISTRIES]: Applying holder lookups: minecraft:worldgen/structure_placement
[20Nov2025 13:22:26.774] [Render thread/DEBUG] [net.minecraftforge.registries.GameData/REGISTRIES]: Holder lookups applied: minecraft:worldgen/structure_placement
[20Nov2025 13:22:26.776] [Render thread/DEBUG] [net.minecraftforge.registries.GameData/REGISTRIES]: Applying holder lookups: minecraft:worldgen/structure_piece
[20Nov2025 13:22:26.776] [Render thread/DEBUG] [net.minecraftforge.registries.GameData/REGISTRIES]: Holder lookups applied: minecraft:worldgen/structure_piece
[20Nov2025 13:22:26.776] [Render thread/DEBUG] [net.minecraftforge.registries.GameData/REGISTRIES]: Applying holder lookups: minecraft:worldgen/structure_type
[20Nov2025 13:22:26.777] [Render thread/DEBUG] [net.minecraftforge.registries.GameData/REGISTRIES]: Holder lookups applied: minecraft:worldgen/structure_type
[20Nov2025 13:22:26.778] [Render thread/DEBUG] [net.minecraftforge.registries.GameData/REGISTRIES]: Applying holder lookups: minecraft:worldgen/placement_modifier_type
[20Nov2025 13:22:26.779] [Render thread/DEBUG] [net.minecraftforge.registries.GameData/REGISTRIES]: Holder lookups applied: minecraft:worldgen/placement_modifier_type
[20Nov2025 13:22:26.779] [Render thread/DEBUG] [net.minecraftforge.registries.GameData/REGISTRIES]: Applying holder lookups: minecraft:worldgen/block_state_provider_type
[20Nov2025 13:22:26.779] [Render thread/DEBUG] [net.minecraftforge.registries.GameData/REGISTRIES]: Holder lookups applied: minecraft:worldgen/block_state_provider_type
[20Nov2025 13:22:26.779] [Render thread/DEBUG] [net.minecraftforge.registries.GameData/REGISTRIES]: Applying holder lookups: minecraft:worldgen/foliage_placer_type
[20Nov2025 13:22:26.780] [Render thread/DEBUG] [net.minecraftforge.registries.GameData/REGISTRIES]: Holder lookups applied: minecraft:worldgen/foliage_placer_type
[20Nov2025 13:22:26.780] [Render thread/DEBUG] [net.minecraftforge.registries.GameData/REGISTRIES]: Applying holder lookups: minecraft:worldgen/trunk_placer_type
[20Nov2025 13:22:26.780] [Render thread/DEBUG] [net.minecraftforge.registries.GameData/REGISTRIES]: Holder lookups applied: minecraft:worldgen/trunk_placer_type
[20Nov2025 13:22:26.780] [Render thread/DEBUG] [net.minecraftforge.registries.GameData/REGISTRIES]: Applying holder lookups: minecraft:worldgen/root_placer_type
[20Nov2025 13:22:26.781] [Render thread/DEBUG] [net.minecraftforge.registries.GameData/REGISTRIES]: Holder lookups applied: minecraft:worldgen/root_placer_type
[20Nov2025 13:22:26.781] [Render thread/DEBUG] [net.minecraftforge.registries.GameData/REGISTRIES]: Applying holder lookups: minecraft:worldgen/tree_decorator_type
[20Nov2025 13:22:26.782] [Render thread/DEBUG] [net.minecraftforge.registries.GameData/REGISTRIES]: Holder lookups applied: minecraft:worldgen/tree_decorator_type
[20Nov2025 13:22:26.782] [Render thread/DEBUG] [net.minecraftforge.registries.GameData/REGISTRIES]: Applying holder lookups: minecraft:worldgen/feature_size_type
[20Nov2025 13:22:26.783] [Render thread/DEBUG] [net.minecraftforge.registries.GameData/REGISTRIES]: Holder lookups applied: minecraft:worldgen/feature_size_type
[20Nov2025 13:22:26.783] [Render thread/DEBUG] [net.minecraftforge.registries.GameData/REGISTRIES]: Applying holder lookups: minecraft:worldgen/biome_source
[20Nov2025 13:22:26.783] [Render thread/DEBUG] [net.minecraftforge.registries.GameData/REGISTRIES]: Holder lookups applied: minecraft:worldgen/biome_source
[20Nov2025 13:22:26.783] [Render thread/DEBUG] [net.minecraftforge.registries.GameData/REGISTRIES]: Applying holder lookups: minecraft:worldgen/chunk_generator
[20Nov2025 13:22:26.784] [Render thread/DEBUG] [net.minecraftforge.registries.GameData/REGISTRIES]: Holder lookups applied: minecraft:worldgen/chunk_generator
[20Nov2025 13:22:26.784] [Render thread/DEBUG] [net.minecraftforge.registries.GameData/REGISTRIES]: Applying holder lookups: minecraft:worldgen/material_condition
[20Nov2025 13:22:26.785] [Render thread/DEBUG] [net.minecraftforge.registries.GameData/REGISTRIES]: Holder lookups applied: minecraft:worldgen/material_condition
[20Nov2025 13:22:26.785] [Render thread/DEBUG] [net.minecraftforge.registries.GameData/REGISTRIES]: Applying holder lookups: minecraft:worldgen/material_rule
[20Nov2025 13:22:26.785] [Render thread/DEBUG] [net.minecraftforge.registries.GameData/REGISTRIES]: Holder lookups applied: minecraft:worldgen/material_rule
[20Nov2025 13:22:26.785] [Render thread/DEBUG] [net.minecraftforge.registries.GameData/REGISTRIES]: Applying holder lookups: minecraft:worldgen/density_function_type
[20Nov2025 13:22:26.786] [Render thread/DEBUG] [net.minecraftforge.registries.GameData/REGISTRIES]: Holder lookups applied: minecraft:worldgen/density_function_type
[20Nov2025 13:22:26.786] [Render thread/DEBUG] [net.minecraftforge.registries.GameData/REGISTRIES]: Applying holder lookups: minecraft:worldgen/structure_pool_element
[20Nov2025 13:22:26.786] [Render thread/DEBUG] [net.minecraftforge.registries.GameData/REGISTRIES]: Holder lookups applied: minecraft:worldgen/structure_pool_element
[20Nov2025 13:22:26.787] [Render thread/DEBUG] [net.minecraftforge.registries.GameData/REGISTRIES]: Applying holder lookups: minecraft:cat_variant
[20Nov2025 13:22:26.787] [Render thread/DEBUG] [net.minecraftforge.registries.GameData/REGISTRIES]: Holder lookups applied: minecraft:cat_variant
[20Nov2025 13:22:26.787] [Render thread/DEBUG] [net.minecraftforge.registries.GameData/REGISTRIES]: Applying holder lookups: minecraft:frog_variant
[20Nov2025 13:22:26.788] [Render thread/DEBUG] [net.minecraftforge.registries.GameData/REGISTRIES]: Holder lookups applied: minecraft:frog_variant
[20Nov2025 13:22:26.788] [Render thread/DEBUG] [net.minecraftforge.registries.GameData/REGISTRIES]: Applying holder lookups: minecraft:banner_pattern
[20Nov2025 13:22:26.789] [Render thread/DEBUG] [net.minecraftforge.registries.GameData/REGISTRIES]: Holder lookups applied: minecraft:banner_pattern
[20Nov2025 13:22:26.789] [Render thread/DEBUG] [net.minecraftforge.registries.GameData/REGISTRIES]: Applying holder lookups: minecraft:instrument
[20Nov2025 13:22:26.790] [Render thread/DEBUG] [net.minecraftforge.registries.GameData/REGISTRIES]: Holder lookups applied: minecraft:instrument
[20Nov2025 13:22:26.790] [Render thread/DEBUG] [net.minecraftforge.registries.GameData/REGISTRIES]: Applying holder lookups: minecraft:decorated_pot_patterns
[20Nov2025 13:22:26.790] [Render thread/DEBUG] [net.minecraftforge.registries.GameData/REGISTRIES]: Holder lookups applied: minecraft:decorated_pot_patterns
[20Nov2025 13:22:26.794] [Render thread/DEBUG] [net.minecraftforge.registries.GameData/REGISTRIES]: Applying holder lookups: minecraft:creative_mode_tab
[20Nov2025 13:22:26.794] [Render thread/DEBUG] [net.minecraftforge.registries.GameData/REGISTRIES]: Holder lookups applied: minecraft:creative_mode_tab
[20Nov2025 13:22:26.801] [Render thread/DEBUG] [net.minecraftforge.registries.GameData/REGISTRIES]: Applying holder lookups: forge:biome_modifier_serializers
[20Nov2025 13:22:26.801] [Render thread/DEBUG] [net.minecraftforge.registries.GameData/REGISTRIES]: Holder lookups applied: forge:biome_modifier_serializers
[20Nov2025 13:22:26.803] [Render thread/DEBUG] [net.minecraftforge.registries.GameData/REGISTRIES]: Applying holder lookups: forge:display_contexts
[20Nov2025 13:22:26.804] [Render thread/DEBUG] [net.minecraftforge.registries.GameData/REGISTRIES]: Holder lookups applied: forge:display_contexts
[20Nov2025 13:22:26.804] [Render thread/DEBUG] [net.minecraftforge.registries.GameData/REGISTRIES]: Applying holder lookups: forge:entity_data_serializers
[20Nov2025 13:22:26.805] [Render thread/DEBUG] [net.minecraftforge.registries.GameData/REGISTRIES]: Holder lookups applied: forge:entity_data_serializers
[20Nov2025 13:22:26.826] [Render thread/DEBUG] [net.minecraftforge.registries.GameData/REGISTRIES]: Applying holder lookups: forge:fluid_type
[20Nov2025 13:22:26.827] [Render thread/DEBUG] [net.minecraftforge.registries.GameData/REGISTRIES]: Holder lookups applied: forge:fluid_type
[20Nov2025 13:22:26.828] [Render thread/DEBUG] [net.minecraftforge.registries.GameData/REGISTRIES]: Applying holder lookups: forge:global_loot_modifier_serializers
[20Nov2025 13:22:26.829] [Render thread/DEBUG] [net.minecraftforge.registries.GameData/REGISTRIES]: Holder lookups applied: forge:global_loot_modifier_serializers
[20Nov2025 13:22:26.834] [Render thread/DEBUG] [net.minecraftforge.registries.GameData/REGISTRIES]: Applying holder lookups: forge:holder_set_type
[20Nov2025 13:22:26.835] [Render thread/DEBUG] [net.minecraftforge.registries.GameData/REGISTRIES]: Holder lookups applied: forge:holder_set_type
[20Nov2025 13:22:26.836] [Render thread/DEBUG] [net.minecraftforge.registries.GameData/REGISTRIES]: Applying holder lookups: forge:structure_modifier_serializers
[20Nov2025 13:22:26.837] [Render thread/DEBUG] [net.minecraftforge.registries.GameData/REGISTRIES]: Holder lookups applied: forge:structure_modifier_serializers
[20Nov2025 13:22:26.837] [Render thread/DEBUG] [net.minecraftforge.registries.GameData/REGISTRIES]: Applying holder lookups: minecraft:worldgen/biome
[20Nov2025 13:22:26.838] [Render thread/DEBUG] [net.minecraftforge.registries.GameData/REGISTRIES]: Holder lookups applied: minecraft:worldgen/biome
[20Nov2025 13:22:26.848] [Render thread/DEBUG] [net.minecraftforge.registries.GameData/REGISTRIES]: Applying holder lookups: thermal_dynamics:grid_type
[20Nov2025 13:22:26.849] [Render thread/DEBUG] [net.minecraftforge.registries.GameData/REGISTRIES]: Holder lookups applied: thermal_dynamics:grid_type
[20Nov2025 13:22:27.019] [Render thread/DEBUG] [net.minecraftforge.client.loading.ClientModLoader/CORE]: Generating PackInfo named mod:forge for mod file /
[20Nov2025 13:22:27.019] [Render thread/DEBUG] [net.minecraftforge.client.loading.ClientModLoader/CORE]: Generating PackInfo named mod:cofh_core for mod file C:\Users\sampw\.gradle\caches\forge_gradle\deobf_dependencies\curse\maven\cofhcore-69162\5374122_mapped_official_1.20.1\cofhcore-69162-5374122_mapped_official_1.20.1.jar
[20Nov2025 13:22:27.019] [Render thread/DEBUG] [net.minecraftforge.client.loading.ClientModLoader/CORE]: Generating PackInfo named mod:curios for mod file C:\Users\sampw\.gradle\caches\forge_gradle\deobf_dependencies\top\theillusivec4\curios\curios-forge\5.9.1+1.20.1_mapped_official_1.20.1\curios-forge-5.9.1+1.20.1_mapped_official_1.20.1.jar
[20Nov2025 13:22:27.019] [Render thread/DEBUG] [net.minecraftforge.client.loading.ClientModLoader/CORE]: Generating PackInfo named mod:thermal for mod file 
[20Nov2025 13:22:27.020] [Render thread/DEBUG] [net.minecraftforge.client.loading.ClientModLoader/CORE]: Generating PackInfo named mod:thermal_expansion for mod file C:\Users\sampw\.gradle\caches\forge_gradle\deobf_dependencies\curse\maven\thermalexpansion-69163\5372749_mapped_official_1.20.1\thermalexpansion-69163-5372749_mapped_official_1.20.1.jar
[20Nov2025 13:22:27.020] [Render thread/DEBUG] [net.minecraftforge.client.loading.ClientModLoader/CORE]: Generating PackInfo named mod:thermal_foundation for mod file C:\Users\sampw\.gradle\caches\forge_gradle\deobf_dependencies\curse\maven\thermalfoundation-222880\5443583_mapped_official_1.20.1\thermalfoundation-222880-5443583_mapped_official_1.20.1.jar
[20Nov2025 13:22:27.021] [Render thread/DEBUG] [net.minecraftforge.client.loading.ClientModLoader/CORE]: Generating PackInfo named mod:thermal_innovation for mod file C:\Users\sampw\.gradle\caches\forge_gradle\deobf_dependencies\curse\maven\thermalinnovation-291737\5372751_mapped_official_1.20.1\thermalinnovation-291737-5372751_mapped_official_1.20.1.jar
[20Nov2025 13:22:27.021] [Render thread/DEBUG] [net.minecraftforge.client.loading.ClientModLoader/CORE]: Generating PackInfo named mod:thermal_dynamics for mod file C:\Users\sampw\.gradle\caches\forge_gradle\deobf_dependencies\curse\maven\thermal-dynamics-227443\5372747_mapped_official_1.20.1\thermal-dynamics-227443-5372747_mapped_official_1.20.1.jar
[20Nov2025 13:22:27.024] [Render thread/DEBUG] [net.minecraftforge.client.loading.ClientModLoader/CORE]: Generating PackInfo named mod:tjetpacks for mod file C:\Local Files\minecraft\Minecraft Mods\Thermal-Jetpacks\build\resources\main
[20Nov2025 13:22:27.750] [Render thread/INFO] [net.minecraftforge.gametest.ForgeGameTestHooks/]: Enabled Gametest Namespaces: [tjetpacks]
[20Nov2025 13:22:28.282] [Render thread/INFO] [net.minecraft.server.packs.resources.ReloadableResourceManager/]: Reloading ResourceManager: vanilla, mod_resources
[20Nov2025 13:22:28.329] [modloading-worker-0/DEBUG] [net.minecraftforge.fml.config.ConfigTracker/CONFIG]: Loading configs type CLIENT
[20Nov2025 13:22:28.332] [modloading-worker-0/DEBUG] [net.minecraftforge.fml.config.ConfigFileTypeHandler/CONFIG]: Built TOML config for C:\Local Files\minecraft\Minecraft Mods\Thermal-Jetpacks\run\config\curios-client.toml
[20Nov2025 13:22:28.334] [modloading-worker-0/DEBUG] [net.minecraftforge.fml.config.ConfigFileTypeHandler/CONFIG]: Loaded TOML config file C:\Local Files\minecraft\Minecraft Mods\Thermal-Jetpacks\run\config\curios-client.toml
[20Nov2025 13:22:28.358] [modloading-worker-0/DEBUG] [net.minecraftforge.fml.config.ConfigFileTypeHandler/CONFIG]: Watching TOML config file C:\Local Files\minecraft\Minecraft Mods\Thermal-Jetpacks\run\config\curios-client.toml for changes
[20Nov2025 13:22:28.365] [modloading-worker-0/DEBUG] [net.minecraftforge.fml.config.ConfigFileTypeHandler/CONFIG]: Built TOML config for C:\Local Files\minecraft\Minecraft Mods\Thermal-Jetpacks\run\config\tjetpacks-client.toml
[20Nov2025 13:22:28.368] [modloading-worker-0/DEBUG] [net.minecraftforge.fml.config.ConfigFileTypeHandler/CONFIG]: Loaded TOML config file C:\Local Files\minecraft\Minecraft Mods\Thermal-Jetpacks\run\config\tjetpacks-client.toml
[20Nov2025 13:22:28.368] [modloading-worker-0/DEBUG] [net.minecraftforge.fml.config.ConfigFileTypeHandler/CONFIG]: Watching TOML config file C:\Local Files\minecraft\Minecraft Mods\Thermal-Jetpacks\run\config\tjetpacks-client.toml for changes
[20Nov2025 13:22:28.371] [modloading-worker-0/INFO] [com.lightning323.tjetpacks.ThermalJetpacks/]: Config Loaded: tjetpacks-client.toml
[20Nov2025 13:22:28.377] [modloading-worker-0/DEBUG] [net.minecraftforge.fml.config.ConfigFileTypeHandler/CONFIG]: Built TOML config for C:\Local Files\minecraft\Minecraft Mods\Thermal-Jetpacks\run\config\cofh_core-client.toml
[20Nov2025 13:22:28.379] [modloading-worker-0/DEBUG] [net.minecraftforge.fml.config.ConfigFileTypeHandler/CONFIG]: Loaded TOML config file C:\Local Files\minecraft\Minecraft Mods\Thermal-Jetpacks\run\config\cofh_core-client.toml
[20Nov2025 13:22:28.379] [modloading-worker-0/DEBUG] [net.minecraftforge.fml.config.ConfigFileTypeHandler/CONFIG]: Watching TOML config file C:\Local Files\minecraft\Minecraft Mods\Thermal-Jetpacks\run\config\cofh_core-client.toml for changes
[20Nov2025 13:22:28.379] [Thread-3/DEBUG] [net.minecraftforge.fml.config.ConfigFileTypeHandler/CONFIG]: Config file tjetpacks-client.toml changed, sending notifies
[20Nov2025 13:22:28.384] [modloading-worker-0/DEBUG] [net.minecraftforge.fml.config.ConfigFileTypeHandler/CONFIG]: Built TOML config for C:\Local Files\minecraft\Minecraft Mods\Thermal-Jetpacks\run\config\forge-client.toml
[20Nov2025 13:22:28.386] [modloading-worker-0/DEBUG] [net.minecraftforge.fml.config.ConfigFileTypeHandler/CONFIG]: Loaded TOML config file C:\Local Files\minecraft\Minecraft Mods\Thermal-Jetpacks\run\config\forge-client.toml
[20Nov2025 13:22:28.387] [modloading-worker-0/DEBUG] [net.minecraftforge.fml.config.ConfigFileTypeHandler/CONFIG]: Watching TOML config file C:\Local Files\minecraft\Minecraft Mods\Thermal-Jetpacks\run\config\forge-client.toml for changes
[20Nov2025 13:22:28.388] [modloading-worker-0/DEBUG] [net.minecraftforge.common.ForgeConfig/FORGEMOD]: Loaded forge config file forge-client.toml
[20Nov2025 13:22:28.390] [modloading-worker-0/DEBUG] [net.minecraftforge.fml.config.ConfigFileTypeHandler/CONFIG]: Built TOML config for C:\Local Files\minecraft\Minecraft Mods\Thermal-Jetpacks\run\config\thermal-client.toml
[20Nov2025 13:22:28.392] [modloading-worker-0/DEBUG] [net.minecraftforge.fml.config.ConfigFileTypeHandler/CONFIG]: Loaded TOML config file C:\Local Files\minecraft\Minecraft Mods\Thermal-Jetpacks\run\config\thermal-client.toml
[20Nov2025 13:22:28.392] [modloading-worker-0/DEBUG] [net.minecraftforge.fml.config.ConfigFileTypeHandler/CONFIG]: Watching TOML config file C:\Local Files\minecraft\Minecraft Mods\Thermal-Jetpacks\run\config\thermal-client.toml for changes
[20Nov2025 13:22:28.395] [modloading-worker-0/DEBUG] [net.minecraftforge.fml.config.ConfigTracker/CONFIG]: Loading configs type COMMON
[20Nov2025 13:22:28.395] [modloading-worker-0/DEBUG] [net.minecraftforge.fml.config.ConfigFileTypeHandler/CONFIG]: Built TOML config for C:\Local Files\minecraft\Minecraft Mods\Thermal-Jetpacks\run\config\tjetpacks-common.toml
[20Nov2025 13:22:28.401] [modloading-worker-0/DEBUG] [net.minecraftforge.fml.config.ConfigFileTypeHandler/CONFIG]: Loaded TOML config file C:\Local Files\minecraft\Minecraft Mods\Thermal-Jetpacks\run\config\tjetpacks-common.toml
[20Nov2025 13:22:28.401] [modloading-worker-0/DEBUG] [net.minecraftforge.fml.config.ConfigFileTypeHandler/CONFIG]: Watching TOML config file C:\Local Files\minecraft\Minecraft Mods\Thermal-Jetpacks\run\config\tjetpacks-common.toml for changes
[20Nov2025 13:22:28.403] [modloading-worker-0/INFO] [com.lightning323.tjetpacks.ThermalJetpacks/]: Config Loaded: tjetpacks-common.toml
[20Nov2025 13:22:28.410] [modloading-worker-0/DEBUG] [net.minecraftforge.fml.config.ConfigFileTypeHandler/CONFIG]: Built TOML config for C:\Local Files\minecraft\Minecraft Mods\Thermal-Jetpacks\run\config\curios-common.toml
[20Nov2025 13:22:28.412] [modloading-worker-0/DEBUG] [net.minecraftforge.fml.config.ConfigFileTypeHandler/CONFIG]: Loaded TOML config file C:\Local Files\minecraft\Minecraft Mods\Thermal-Jetpacks\run\config\curios-common.toml
[20Nov2025 13:22:28.412] [modloading-worker-0/DEBUG] [net.minecraftforge.fml.config.ConfigFileTypeHandler/CONFIG]: Watching TOML config file C:\Local Files\minecraft\Minecraft Mods\Thermal-Jetpacks\run\config\curios-common.toml for changes
[20Nov2025 13:22:28.414] [modloading-worker-0/DEBUG] [net.minecraftforge.fml.config.ConfigFileTypeHandler/CONFIG]: Built TOML config for C:\Local Files\minecraft\Minecraft Mods\Thermal-Jetpacks\run\config\cofh_core-common.toml
[20Nov2025 13:22:28.416] [modloading-worker-0/DEBUG] [net.minecraftforge.fml.config.ConfigFileTypeHandler/CONFIG]: Loaded TOML config file C:\Local Files\minecraft\Minecraft Mods\Thermal-Jetpacks\run\config\cofh_core-common.toml
[20Nov2025 13:22:28.417] [modloading-worker-0/DEBUG] [net.minecraftforge.fml.config.ConfigFileTypeHandler/CONFIG]: Watching TOML config file C:\Local Files\minecraft\Minecraft Mods\Thermal-Jetpacks\run\config\cofh_core-common.toml for changes
[20Nov2025 13:22:28.419] [modloading-worker-0/DEBUG] [net.minecraftforge.fml.config.ConfigFileTypeHandler/CONFIG]: Built TOML config for C:\Local Files\minecraft\Minecraft Mods\Thermal-Jetpacks\run\config\thermal-common.toml
[20Nov2025 13:22:28.422] [modloading-worker-0/DEBUG] [net.minecraftforge.fml.config.ConfigFileTypeHandler/CONFIG]: Loaded TOML config file C:\Local Files\minecraft\Minecraft Mods\Thermal-Jetpacks\run\config\thermal-common.toml
[20Nov2025 13:22:28.423] [modloading-worker-0/DEBUG] [net.minecraftforge.fml.config.ConfigFileTypeHandler/CONFIG]: Watching TOML config file C:\Local Files\minecraft\Minecraft Mods\Thermal-Jetpacks\run\config\thermal-common.toml for changes
[20Nov2025 13:22:28.450] [Thread-3/DEBUG] [net.minecraftforge.fml.config.ConfigFileTypeHandler/CONFIG]: Config file tjetpacks-common.toml changed, sending notifies
[20Nov2025 13:22:28.483] [Worker-Main-13/DEBUG] [mixin/]: Mixing MixinSlotAttribute from curios.mixins.json into top.theillusivec4.curios.api.SlotAttribute
[20Nov2025 13:22:28.488] [Worker-Main-15/INFO] [com.lightning323.tjetpacks.ThermalJetpacks/]: Common Setup Method registered.
[20Nov2025 13:22:28.497] [Worker-Main-13/DEBUG] [mixin/]: Mixing MixinCuriosApi from curios.mixins.json into top.theillusivec4.curios.api.CuriosApi
[20Nov2025 13:22:28.519] [Worker-Main-13/DEBUG] [net.minecraftforge.coremod.transformer.CoreModBaseTransformer/COREMOD]: Transforming net/minecraft/world/entity/EntityType
[20Nov2025 13:22:28.653] [Forge Version Check/INFO] [net.minecraftforge.fml.VersionChecker/]: [forge] Starting version check at https://files.minecraftforge.net/net/minecraftforge/forge/promotions_slim.json
[20Nov2025 13:22:28.724] [Worker-Main-14/INFO] [net.minecraft.client.gui.font.providers.UnihexProvider/]: Found unifont_all_no_pua-15.0.06.hex, loading
[20Nov2025 13:22:29.104] [Render thread/DEBUG] [net.minecraftforge.fml.DeferredWorkQueue/LOADING]: Dispatching synchronous work for work queue COMMON_SETUP: 11 jobs
[20Nov2025 13:22:29.424] [Render thread/DEBUG] [net.minecraftforge.fml.DeferredWorkQueue/LOADING]: Synchronous work queue completed in 318.0 ms
[20Nov2025 13:22:29.467] [Worker-Main-11/INFO] [com.lightning323.tjetpacks.ThermalJetpacks/]: Client Setup Method registered.
[20Nov2025 13:22:29.661] [Forge Version Check/DEBUG] [net.minecraftforge.fml.VersionChecker/]: [forge] Received version check data:
{
  "homepage": "https://files.minecraftforge.net/net/minecraftforge/forge/",
  "promos": {
    "1.1-latest": "1.3.4.29",
    "1.2.3-latest": "1.4.1.64",
    "1.2.4-latest": "2.0.0.68",
    "1.2.5-latest": "3.4.9.171",
    "1.3.2-latest": "4.3.5.318",
    "1.4.0-latest": "5.0.0.326",
    "1.4.1-latest": "6.0.0.329",
    "1.4.2-latest": "6.0.1.355",
    "1.4.3-latest": "6.2.1.358",
    "1.4.4-latest": "6.3.0.378",
    "1.4.5-latest": "6.4.2.448",
    "1.4.6-latest": "6.5.0.489",
    "1.4.7-latest": "6.6.2.534",
    "1.5-latest": "7.7.0.598",
    "1.5.1-latest": "7.7.2.682",
    "1.5.2-latest": "7.8.1.738",
    "1.5.2-recommended": "7.8.1.738",
    "1.6.1-latest": "8.9.0.775",
    "1.6.2-latest": "9.10.1.871",
    "1.6.2-recommended": "9.10.1.871",
    "1.6.3-latest": "9.11.0.878",
    "1.6.4-latest": "9.11.1.1345",
    "1.6.4-recommended": "9.11.1.1345",
    "1.7.2-latest": "10.12.2.1161",
    "1.7.2-recommended": "10.12.2.1161",
    "1.7.10_pre4-latest": "10.12.2.1149",
    "1.7.10-latest": "10.13.4.1614",
    "1.7.10-recommended": "10.13.4.1614",
    "1.8-latest": "11.14.4.1577",
    "1.8-recommended": "11.14.4.1563",
    "1.8.8-latest": "11.15.0.1655",
    "1.8.9-latest": "11.15.1.2318",
    "1.8.9-recommended": "11.15.1.2318",
    "1.9-latest": "12.16.1.1938",
    "1.9-recommended": "12.16.1.1887",
    "1.9.4-latest": "12.17.0.2317",
    "1.9.4-recommended": "12.17.0.2317",
    "1.10-latest": "12.18.0.2000",
    "1.10.2-latest": "12.18.3.2511",
    "1.10.2-recommended": "12.18.3.2511",
    "1.11-latest": "13.19.1.2199",
    "1.11-recommended": "13.19.1.2189",
    "1.11.2-latest": "13.20.1.2588",
    "1.11.2-recommended": "13.20.1.2588",
    "1.12-latest": "14.21.1.2443",
    "1.12-recommended": "14.21.1.2387",
    "1.12.1-latest": "14.22.1.2485",
    "1.12.1-recommended": "14.22.1.2478",
    "1.12.2-latest": "14.23.5.2860",
    "1.12.2-recommended": "14.23.5.2859",
    "1.13.2-latest": "25.0.223",
    "1.14.2-latest": "26.0.63",
    "1.14.3-latest": "27.0.60",
    "1.14.4-latest": "28.2.26",
    "1.14.4-recommended": "28.2.26",
    "1.15-latest": "29.0.4",
    "1.15.1-latest": "30.0.51",
    "1.15.2-latest": "31.2.60",
    "1.15.2-recommended": "31.2.57",
    "1.16.1-latest": "32.0.108",
    "1.16.2-latest": "33.0.61",
    "1.16.3-latest": "34.1.42",
    "1.16.3-recommended": "34.1.0",
    "1.16.4-latest": "35.1.37",
    "1.16.4-recommended": "35.1.4",
    "1.16.5-latest": "36.2.42",
    "1.16.5-recommended": "36.2.34",
    "1.17.1-latest": "37.1.1",
    "1.17.1-recommended": "37.1.1",
    "1.18-latest": "38.0.17",
    "1.18.1-latest": "39.1.2",
    "1.18.1-recommended": "39.1.0",
    "1.18.2-recommended": "40.3.0",
    "1.18.2-latest": "40.3.11",
    "1.19-latest": "41.1.0",
    "1.19-recommended": "41.1.0",
    "1.19.1-latest": "42.0.9",
    "1.19.2-recommended": "43.5.0",
    "1.19.2-latest": "43.5.1",
    "1.19.3-latest": "44.1.23",
    "1.19.3-recommended": "44.1.0",
    "1.19.4-recommended": "45.4.0",
    "1.19.4-latest": "45.4.2",
    "1.20-latest": "46.0.14",
    "1.20.1-recommended": "47.4.10",
    "1.20.1-latest": "47.4.10",
    "1.20.2-latest": "48.1.0",
    "1.20.2-recommended": "48.1.0",
    "1.20.3-latest": "49.0.2",
    "1.20.4-latest": "49.2.2",
    "1.20.4-recommended": "49.2.0",
    "1.20.6-latest": "50.2.2",
    "1.20.6-recommended": "50.2.0",
    "1.21-latest": "51.0.33",
    "1.21.1-latest": "52.1.6",
    "1.21.1-recommended": "52.1.0",
    "1.21.3-latest": "53.1.4",
    "1.21.3-recommended": "53.1.0",
    "1.21.4-latest": "54.1.8",
    "1.21.4-recommended": "54.1.0",
    "1.21.5-latest": "55.1.2",
    "1.21.5-recommended": "55.1.0",
    "1.21.6-latest": "56.0.9",
    "1.21.7-latest": "57.0.3",
    "1.21.8-latest": "58.1.9",
    "1.21.8-recommended": "58.1.0",
    "1.21.9-latest": "59.0.5",
    "1.21.10-latest": "60.1.0",
    "1.21.10-recommended": "60.1.0"
  }
}
[20Nov2025 13:22:29.667] [Forge Version Check/INFO] [net.minecraftforge.fml.VersionChecker/]: [forge] Found status: UP_TO_DATE Current: 47.4.10 Target: null
[20Nov2025 13:22:29.668] [Forge Version Check/INFO] [net.minecraftforge.fml.VersionChecker/]: [cofh_core] Starting version check at https://raw.github.com/cofh/version/main/cofh_core/update.json
[20Nov2025 13:22:29.825] [Render thread/DEBUG] [net.minecraftforge.fml.DeferredWorkQueue/LOADING]: Dispatching synchronous work for work queue SIDED_SETUP: 11 jobs
[20Nov2025 13:22:30.137] [Render thread/DEBUG] [net.minecraftforge.fml.DeferredWorkQueue/LOADING]: Synchronous work queue completed in 310.8 ms
[20Nov2025 13:22:30.205] [Forge Version Check/DEBUG] [net.minecraftforge.fml.VersionChecker/]: [cofh_core] Received version check data:
{
	"homepage": "https://teamcofh.com/downloads/",
	"1.20.1": {
		"11.0.2": "Bugfix and compatibility improvements related to BlockIngredient.",
		"11.0.1": "Minor bugfixes.",
		"11.0.0": "Initial 1.20.1 release!"
	},
	"1.19.2": {
		"10.3.0": "Good bugfixes.",
		"10.2.0": "Lots of under the hood changes.",
		"10.0.2": "Fix a rare race condition.",
		"10.0.1": "Fix an issue with item storage.",
		"10.0.0": "Initial 1.19.x release!"
	},
	"1.18.2": {
		"9.2.2": "Good bugfixes.",
		"9.2.0": "Lots of under the hood changes.",
		"9.1.2": "Fix an issue with item storage.",
		"9.1.1": "Fix a couple of minor Forge complaints and a rare crash.",
		"9.1.0": "More backend refactors; unification with 10.0 branch where possible.",
		"9.0.0": "Semver adjustment, massive backend refactors.",
		"1.6.4": "Minor bugfixes and refactors.",
		"1.6.3": "Re-add some lost functionality.",
		"1.6.2": "Minor bugfixes.",
		"1.6.1": "Minor bugfixes.",
		"1.6.0": "Initial 1.18.2 release!"
	},
	"1.16.5": {
		"1.5.0": "Final major 1.16.5 release.",
		"1.4.3": "Minor bugfixes and updates.",
		"1.4.1": "Some minor fixes for transparency issues.",
		"1.4.0": "Lots of underlying improvements and transitions towards 1.18 porting.",
		"1.3.1": "Minor fix for client configs.",
		"1.3.0": "Minor fixes involving bottled fluids. Backend improvements.",
		"1.2.1": "Minor fixes for some enchantment issues and an XP rounding calculation.",
		"1.2.0": "Lots of backend changes and refactors. Bump to 1.16.4 required."
	},
	"1.16.4": {
		"1.2.1": "Minor fixes for some enchantment issues and an XP rounding calculation.",
		"1.2.0": "Lots of backend changes and refactors. Bump to 1.16.4 required.",
		"1.1.6": "Localization update.",
		"1.1.4": "Fixes very rare crash with Area Effect block breaking.",
		"1.1.3": "Backend QoL changes and fixes.",
		"1.1.2": "Adjust how some enchantments are calculated.",
		"1.1.1": "Minor numerical localization improvement.",
		"1.1.0": "Lots of big internal refactors. Fixes Optifine issue since they are too lazy/incompetent to do it.",
		"1.0.3": "Minor optimizations; boosted Forge version requirement."
	},
	"1.16.3": {
		"1.1.6": "Localization update.",
		"1.1.4": "Fixes very rare crash with Area Effect block breaking.",
		"1.1.3": "Backend QoL changes and fixes.",
		"1.1.2": "Adjust how some enchantments are calculated.",
		"1.1.1": "Minor numerical localization improvement.",
		"1.1.0": "Lots of big internal refactors. Fixes Optifine issue since they are too lazy/incompetent to do it.",
		"1.0.3": "Minor optimizations; boosted Forge version requirement.",
		"1.0.1": "Adds client config option for Optifine compatibility.",
		"1.0.0": "Initial 1.16 version. Config system updates."
	},
	"1.15.2": {
		"1.0.1": "Adds client config option for Optifine compatibility.",
		"1.0.0": "Final content version for 1.15. Config system updates.",
		"0.7.0b": "Improved event handling and refactors.",
		"0.6.4b": "One more bugfix.",
		"0.6.3b": "Tiny little bugfixes.",
		"0.6.2b": "More optimizations and backend stuff.",
		"0.6.1b": "Necessary update for Thermal.",
		"0.6.0b": "Bugfixes and optimizations.",
		"0.5.0b": "Big ol' update necessary for the Thermal Series.",
		"0.4.0b": "More backend updates.",
		"0.3.2b": "Same feature parity, less debug message.",
		"0.3.1b": "Feature parity across versions!"
	},
	"1.14.4": {
		"0.4.0b": "More backend updates.",
		"0.3.1b": "Woops! Minor bugfix.",
		"0.3.0b": "Backend upgrades.",
		"0.2.0b": "Adjustments and refactoring.",
		"0.1.0b": "And we're in beta!",
		"0.0.1a": "Alpha Test!"
	},
	"promos": {
		"1.20.1-latest": "11.0.0",
		"1.20.1-recommended": "11.0.0",
		"1.19.2-latest": "10.3.0",
		"1.19.2-recommended": "10.3.0",
		"1.18.2-latest": "9.2.2",
		"1.18.2-recommended": "9.2.2",
		"1.16.5-latest": "1.5.2",
		"1.16.5-recommended": "1.5.2",
		"1.16.4-latest": "1.2.1",
		"1.16.4-recommended": "1.2.1",
		"1.16.3-latest": "1.1.6",
		"1.16.3-recommended": "1.1.6",
		"1.15.2-latest": "1.0.1",
		"1.15.2-recommended": "1.0.1",
		"1.14.4-latest": "0.4.0b",
		"1.14.4-recommended": "0.4.0b"
	}
}
[20Nov2025 13:22:30.206] [Forge Version Check/INFO] [net.minecraftforge.fml.VersionChecker/]: [cofh_core] Found status: AHEAD Current: 11.0.2 Target: null
[20Nov2025 13:22:30.212] [Forge Version Check/INFO] [net.minecraftforge.fml.VersionChecker/]: [thermal] Starting version check at https://raw.github.com/cofh/version/main/thermal/update.json
[20Nov2025 13:22:30.541] [Forge Version Check/DEBUG] [net.minecraftforge.fml.VersionChecker/]: [thermal] Received version check data:
{
	"homepage": "https://teamcofh.com/downloads/",
	"1.20.1": {
		"11.0.5": "Fix for items not showing in Creative Tabs and JEI.",
		"11.0.4": "Minor fixes for new Arboreal Extractor; new default recipe behavior.",
		"11.0.3": "Tag fixes, remove Bamboo Block.",
		"11.0.2": "Merry Christmas!",
		"11.0.1": "Florbs! And worldgen fixes.",
		"11.0.0": "Initial 1.20.1 release!"
	},
	"1.19.2": {
		"10.2.0": "Lots of under the hood changes. Dynamics compatibility.",
		"10.0.0": "Initial 1.19.x release!"
	},
	"1.18.2": {
		"9.2.0": "Lots of under the hood changes. Dynamics compatibility.",
		"9.1.0": "Update for compatibility with new CoFH Core. Minor fixes.",
		"9.0.0": "Semver adjustment, massive internal refactors. Added Fluid Filter.",
		"1.6.3": "Bugfixes, couple new features. Backend refactors in prep for 1.19.",
		"1.6.2": "Additional mod infrastructure and localization.",
		"1.6.1": "Minor bugfixes and worldgen improvements.",
		"1.6.0": "Initial 1.18.2 release!"
	},
	"1.16.5": {
		"1.5.0": "Final major 1.16.5 release.",
		"1.4.5": "Minor bugfixes and updates.",
		"1.4.2": "Minor recipe fixes and a new augment.",
		"1.4.1": "Behavioral change to side configurations, allow for Reservoir to be dyed.",
		"1.4.0": "Content! Satchel, Reservoir, Slot Seal, lots of new Foods and improvements. Curios support.",
		"1.3.2": "Minor fix for server configs.",
		"1.3.1": "Minor fix for client configs.",
		"1.3.0": "Content! Aquatic Entangler, new crops and explosives. Minor bugfixes.",
		"1.2.0": "Content! Vacuumulator, Nullifier, Energetic Infuser, new augments! Minor fixes and QoL."
	},
	"1.16.4": {
		"1.2.0": "Content! Vacuumulator, Nullifier, Energetic Infuser, new augments! Minor fixes and QoL.",
		"1.1.6": "Backend changes, crash fix with Tinker Bench.",
		"1.1.5": "Fix a minor issue with cell transfer restriction.",
		"1.1.4": "Improve and optimize backend handler behavior substantially.",
		"1.1.3": "Bugfixes and QoL. New wrench behavior!",
		"1.1.2": "Relaxes minimum valid fuel values for dynamos, somewhat.",
		"1.1.1": "Fixes a recipe bug with dedicated servers. Other minor recipe fixes.",
		"1.1.0": "Content! Bugfixes! Pyrolyzer, Fluid and Energy Cells, oil processing!",
		"1.0.3": "Fixes a recipe desync issue. Ore generation can now be disabled."
	},
	"1.16.3": {
		"1.1.6": "Backend changes, crash fix with Tinker Bench.",
		"1.1.5": "Fix a minor issue with cell transfer restriction.",
		"1.1.4": "Improve and optimize backend handler behavior substantially.",
		"1.1.3": "Bugfixes and QoL. New wrench behavior!",
		"1.1.2": "Relaxes minimum valid fuel values for dynamos, somewhat.",
		"1.1.1": "Fixes a recipe bug with dedicated servers. Other minor recipe fixes.",
		"1.1.0": "Content! Bugfixes! Pyrolyzer, Fluid and Energy Cells, oil processing!",
		"1.0.3": "Fixes a recipe desync issue. Ore generation can now be disabled.",
		"1.0.1": "Fixed a couple of 1.16 specific Patchouli issues and a corner case with xmod recipes.",
		"1.0.0": "Initial 1.16 version. Minor bugfixes and texture changes. Added Patchouli book!"
	},
	"1.15.2": {
		"1.0.0": "Final content version for 1.15. Minor bugfixes and texture changes. Added Patchouli book!",
		"0.3.0b": "Bugfixes and more recipes.",
		"0.2.5b": "Minor bugfix for the Fabricator. Adjustment to mob spawns.",
		"0.2.4b": "New machine textures! Also the Sequential Fabricator. Some tiny bugfixes.",
		"0.2.3b": "Fixed some Smelter recipe issues. More recipe support!",
		"0.2.2b": "Lots more mod recipe support, revamped tags. Bugfix with Dynamo connections.",
		"0.2.1b": "Ores generate again. And mobs are quiet.",
		"0.2.0b": "Lots of bugfixes, some QoL.",
		"0.1.0b": "Public beta test version!"
	},
		"promos": {
		"1.20.1-latest": "11.0.5",
		"1.20.1-recommended": "11.0.5",
		"1.19.2-latest": "10.3.0",
		"1.19.2-recommended": "10.3.0",
		"1.18.2-latest": "9.2.0",
		"1.18.2-recommended": "9.2.0",
		"1.16.5-latest": "1.5.2",
		"1.16.5-recommended": "1.5.2",
		"1.16.4-latest": "1.2.0",
		"1.16.4-recommended": "1.2.0",
		"1.16.3-latest": "1.1.6",
		"1.16.3-recommended": "1.1.6",
		"1.15.2-latest": "1.0.0",
		"1.15.2-recommended": "1.0.0"
	}
}
[20Nov2025 13:22:30.542] [Forge Version Check/INFO] [net.minecraftforge.fml.VersionChecker/]: [thermal] Found status: AHEAD Current: 11.0.6 Target: null
[20Nov2025 13:22:30.543] [Forge Version Check/INFO] [net.minecraftforge.fml.VersionChecker/]: [thermal_expansion] Starting version check at https://raw.github.com/cofh/version/main/thermal/update_expansion.json
[20Nov2025 13:22:30.886] [Forge Version Check/DEBUG] [net.minecraftforge.fml.VersionChecker/]: [thermal_expansion] Received version check data:
{
	"homepage": "https://teamcofh.com/downloads/",
	"1.20.1": {
		"11.0.1": "JEI/Creative Tab fixes.",
		"11.0.0": "Initial 1.20.1 release!"
	},
	"1.19.2": {
		"10.2.0": "Lots of under the hood changes. Dynamics compatibility.",
		"10.0.0": "Initial 1.19.x release!"
	},
	"1.18.2": {
		"9.2.0": "Lots of under the hood changes. Dynamics compatibility.",
		"9.1.0": "Update for compatibility with new CoFH Core. Minor fixes.",
		"9.0.0": "Semver adjustment, added Crystallizer.",
		"1.6.3": "Better JEI Potion handling. Minor balancing changes.",
		"1.6.1": "Recipe adjustments.",
		"1.6.0": "Initial 1.18.2 release!"
	},
		"promos": {
		"1.20.1-latest": "11.0.1",
		"1.20.1-recommended": "11.0.1",
		"1.19.2-latest": "10.3.0",
		"1.19.2-recommended": "10.3.0",
		"1.18.2-latest": "9.2.0",
		"1.18.2-recommended": "9.2.0"
	}
}
[20Nov2025 13:22:30.887] [Forge Version Check/INFO] [net.minecraftforge.fml.VersionChecker/]: [thermal_expansion] Found status: UP_TO_DATE Current: 11.0.1 Target: null
[20Nov2025 13:22:30.889] [Forge Version Check/INFO] [net.minecraftforge.fml.VersionChecker/]: [thermal_foundation] Starting version check at https://raw.github.com/cofh/version/main/thermal/update_foundation.json
[20Nov2025 13:22:31.210] [Forge Version Check/DEBUG] [net.minecraftforge.fml.VersionChecker/]: [thermal_foundation] Received version check data:
{
	"homepage": "https://teamcofh.com/downloads/",
	"1.20.1": {
		"11.0.2": "JEI/Creative Tab fixes.",
		"11.0.1": "Florbs! And worldgen fixes.",
		"11.0.0": "Initial 1.20.1 release!"
	},
	"1.19.2": {
		"10.2.0": "Lots of under the hood changes. Dynamics compatibility.",
		"10.0.0": "Semver adjustment, jar-in-jar structuring."
	},
		"promos": {
		"1.20.1-latest": "11.0.2",
		"1.20.1-recommended": "11.0.2",
		"1.19.2-latest": "10.3.0",
		"1.19.2-recommended": "10.3.0"
	}
}
[20Nov2025 13:22:31.210] [Forge Version Check/INFO] [net.minecraftforge.fml.VersionChecker/]: [thermal_foundation] Found status: AHEAD Current: 11.0.6 Target: null
[20Nov2025 13:22:31.211] [Forge Version Check/INFO] [net.minecraftforge.fml.VersionChecker/]: [thermal_innovation] Starting version check at https://raw.github.com/cofh/version/main/thermal/update_innovation.json
[20Nov2025 13:22:31.534] [Forge Version Check/DEBUG] [net.minecraftforge.fml.VersionChecker/]: [thermal_innovation] Received version check data:
{
	"homepage": "https://teamcofh.com/downloads/",
	"1.20.1": {
		"11.0.0": "Initial 1.20.1 release!"
	},
	"1.19.2": {
		"10.2.0": "Lots of under the hood changes. Dynamics compatibility.",
		"10.0.0": "Initial 1.19.x release!"
	},
	"1.18.2": {
		"9.2.0": "Lots of under the hood changes. Dynamics compatibility.",
		"9.1.0": "Update for compatibility with new CoFH Core.",
		"9.0.0": "Semver adjustment, updated tool graphics.",
		"1.6.3": "Backend refactors in prep for 1.19.",
		"1.6.1": "Fix a couple of minor texture issues.",
		"1.6.0": "Initial 1.18.2 release!"
	},
		"promos": {
		"1.20.1-latest": "11.0.0",
		"1.20.1-recommended": "11.0.0",
		"1.19.2-latest": "10.3.0",
		"1.19.2-recommended": "10.3.0",
		"1.18.2-latest": "9.2.0",
		"1.18.2-recommended": "9.2.0"
	}
}
[20Nov2025 13:22:31.534] [Forge Version Check/INFO] [net.minecraftforge.fml.VersionChecker/]: [thermal_innovation] Found status: AHEAD Current: 11.0.1 Target: null
[20Nov2025 13:22:31.535] [Forge Version Check/INFO] [net.minecraftforge.fml.VersionChecker/]: [thermal_dynamics] Starting version check at https://raw.github.com/cofh/version/main/thermal/update_dynamics.json
[20Nov2025 13:22:31.869] [Forge Version Check/DEBUG] [net.minecraftforge.fml.VersionChecker/]: [thermal_dynamics] Received version check data:
{
	"homepage": "https://teamcofh.com/downloads/",
	"1.20.1": {
		"11.0.1": "Minor fix for Logistical Item Buffer.",
		"11.0.0": "Initial 1.20.1 release!"
	},
	"1.19.2": {
		"10.3.1": "Minor fix for Logistical Item Buffer.",
		"10.3.0": "Finalize and polish non-beta release.",
		"10.2.0b": "Initial 1.19.x release!"
	},
	"1.18.2": {
		"9.2.0b": "Initial 1.18.2 release!"
	},
		"promos": {
		"1.20.1-latest": "11.0.1",
		"1.20.1-recommended": "11.0.1",
		"1.19.2-latest": "10.3.1",
		"1.19.2-recommended": "10.3.1",
		"1.18.2-latest": "9.2.0b",
		"1.18.2-recommended": "9.2.0b"
	}
}
[20Nov2025 13:22:31.870] [Forge Version Check/INFO] [net.minecraftforge.fml.VersionChecker/]: [thermal_dynamics] Found status: UP_TO_DATE Current: 11.0.1 Target: null
[20Nov2025 13:22:32.179] [modloading-worker-0/DEBUG] [net.minecraftforge.registries.GameData/REGISTRIES]: Freezing registries
[20Nov2025 13:22:32.181] [modloading-worker-0/DEBUG] [net.minecraftforge.registries.ForgeRegistry/REGISTRIES]: Registry minecraft:block Sync: FROZEN -> ACTIVE
[20Nov2025 13:22:32.196] [modloading-worker-0/DEBUG] [net.minecraftforge.registries.ForgeRegistry/REGISTRIES]: Registry minecraft:fluid Sync: FROZEN -> ACTIVE
[20Nov2025 13:22:32.197] [modloading-worker-0/DEBUG] [net.minecraftforge.registries.ForgeRegistry/REGISTRIES]: Registry minecraft:item Sync: FROZEN -> ACTIVE
[20Nov2025 13:22:32.212] [modloading-worker-0/DEBUG] [net.minecraftforge.registries.ForgeRegistry/REGISTRIES]: Registry minecraft:mob_effect Sync: FROZEN -> ACTIVE
[20Nov2025 13:22:32.212] [modloading-worker-0/DEBUG] [net.minecraftforge.registries.ForgeRegistry/REGISTRIES]: Registry minecraft:sound_event Sync: FROZEN -> ACTIVE
[20Nov2025 13:22:32.221] [modloading-worker-0/DEBUG] [net.minecraftforge.registries.ForgeRegistry/REGISTRIES]: Registry minecraft:potion Sync: FROZEN -> ACTIVE
[20Nov2025 13:22:32.221] [modloading-worker-0/DEBUG] [net.minecraftforge.registries.ForgeRegistry/REGISTRIES]: Registry minecraft:enchantment Sync: FROZEN -> ACTIVE
[20Nov2025 13:22:32.222] [modloading-worker-0/DEBUG] [net.minecraftforge.registries.ForgeRegistry/REGISTRIES]: Registry minecraft:entity_type Sync: FROZEN -> ACTIVE
[20Nov2025 13:22:32.223] [modloading-worker-0/DEBUG] [net.minecraftforge.registries.ForgeRegistry/REGISTRIES]: Registry minecraft:block_entity_type Sync: FROZEN -> ACTIVE
[20Nov2025 13:22:32.224] [modloading-worker-0/DEBUG] [net.minecraftforge.registries.ForgeRegistry/REGISTRIES]: Registry minecraft:particle_type Sync: FROZEN -> ACTIVE
[20Nov2025 13:22:32.224] [modloading-worker-0/DEBUG] [net.minecraftforge.registries.ForgeRegistry/REGISTRIES]: Registry minecraft:menu Sync: FROZEN -> ACTIVE
[20Nov2025 13:22:32.226] [modloading-worker-0/DEBUG] [net.minecraftforge.registries.ForgeRegistry/REGISTRIES]: Registry minecraft:painting_variant Sync: FROZEN -> ACTIVE
[20Nov2025 13:22:32.226] [modloading-worker-0/DEBUG] [net.minecraftforge.registries.ForgeRegistry/REGISTRIES]: Registry minecraft:recipe_type Sync: FROZEN -> ACTIVE
[20Nov2025 13:22:32.227] [modloading-worker-0/DEBUG] [net.minecraftforge.registries.ForgeRegistry/REGISTRIES]: Registry minecraft:recipe_serializer Sync: FROZEN -> ACTIVE
[20Nov2025 13:22:32.228] [modloading-worker-0/DEBUG] [net.minecraftforge.registries.ForgeRegistry/REGISTRIES]: Registry minecraft:attribute Sync: FROZEN -> ACTIVE
[20Nov2025 13:22:32.228] [modloading-worker-0/DEBUG] [net.minecraftforge.registries.ForgeRegistry/REGISTRIES]: Registry minecraft:stat_type Sync: FROZEN -> ACTIVE
[20Nov2025 13:22:32.228] [modloading-worker-0/DEBUG] [net.minecraftforge.registries.ForgeRegistry/REGISTRIES]: Registry minecraft:command_argument_type Sync: FROZEN -> ACTIVE
[20Nov2025 13:22:32.229] [modloading-worker-0/DEBUG] [net.minecraftforge.registries.ForgeRegistry/REGISTRIES]: Registry minecraft:villager_profession Sync: FROZEN -> ACTIVE
[20Nov2025 13:22:32.229] [modloading-worker-0/DEBUG] [net.minecraftforge.registries.ForgeRegistry/REGISTRIES]: Registry minecraft:point_of_interest_type Sync: FROZEN -> ACTIVE
[20Nov2025 13:22:32.230] [modloading-worker-0/DEBUG] [net.minecraftforge.registries.ForgeRegistry/REGISTRIES]: Registry minecraft:memory_module_type Sync: FROZEN -> ACTIVE
[20Nov2025 13:22:32.232] [modloading-worker-0/DEBUG] [net.minecraftforge.registries.ForgeRegistry/REGISTRIES]: Registry minecraft:sensor_type Sync: FROZEN -> ACTIVE
[20Nov2025 13:22:32.233] [modloading-worker-0/DEBUG] [net.minecraftforge.registries.ForgeRegistry/REGISTRIES]: Registry minecraft:schedule Sync: FROZEN -> ACTIVE
[20Nov2025 13:22:32.233] [modloading-worker-0/DEBUG] [net.minecraftforge.registries.ForgeRegistry/REGISTRIES]: Registry minecraft:activity Sync: FROZEN -> ACTIVE
[20Nov2025 13:22:32.233] [modloading-worker-0/DEBUG] [net.minecraftforge.registries.ForgeRegistry/REGISTRIES]: Registry minecraft:worldgen/carver Sync: FROZEN -> ACTIVE
[20Nov2025 13:22:32.233] [modloading-worker-0/DEBUG] [net.minecraftforge.registries.ForgeRegistry/REGISTRIES]: Registry minecraft:worldgen/feature Sync: FROZEN -> ACTIVE
[20Nov2025 13:22:32.234] [modloading-worker-0/DEBUG] [net.minecraftforge.registries.ForgeRegistry/REGISTRIES]: Registry minecraft:chunk_status Sync: FROZEN -> ACTIVE
[20Nov2025 13:22:32.234] [modloading-worker-0/DEBUG] [net.minecraftforge.registries.ForgeRegistry/REGISTRIES]: Registry minecraft:worldgen/block_state_provider_type Sync: FROZEN -> ACTIVE
[20Nov2025 13:22:32.235] [modloading-worker-0/DEBUG] [net.minecraftforge.registries.ForgeRegistry/REGISTRIES]: Registry minecraft:worldgen/foliage_placer_type Sync: FROZEN -> ACTIVE
[20Nov2025 13:22:32.235] [modloading-worker-0/DEBUG] [net.minecraftforge.registries.ForgeRegistry/REGISTRIES]: Registry minecraft:worldgen/tree_decorator_type Sync: FROZEN -> ACTIVE
[20Nov2025 13:22:32.235] [modloading-worker-0/DEBUG] [net.minecraftforge.registries.ForgeRegistry/REGISTRIES]: Registry minecraft:worldgen/biome Sync: FROZEN -> ACTIVE
[20Nov2025 13:22:32.235] [modloading-worker-0/DEBUG] [net.minecraftforge.registries.ForgeRegistry/REGISTRIES]: Registry forge:entity_data_serializers Sync: FROZEN -> ACTIVE
[20Nov2025 13:22:32.235] [modloading-worker-0/DEBUG] [net.minecraftforge.registries.ForgeRegistry/REGISTRIES]: Registry forge:global_loot_modifier_serializers Sync: FROZEN -> ACTIVE
[20Nov2025 13:22:32.235] [modloading-worker-0/DEBUG] [net.minecraftforge.registries.ForgeRegistry/REGISTRIES]: Registry forge:biome_modifier_serializers Sync: FROZEN -> ACTIVE
[20Nov2025 13:22:32.236] [modloading-worker-0/DEBUG] [net.minecraftforge.registries.ForgeRegistry/REGISTRIES]: Registry forge:fluid_type Sync: FROZEN -> ACTIVE
[20Nov2025 13:22:32.236] [modloading-worker-0/DEBUG] [net.minecraftforge.registries.ForgeRegistry/REGISTRIES]: Registry forge:structure_modifier_serializers Sync: FROZEN -> ACTIVE
[20Nov2025 13:22:32.236] [modloading-worker-0/DEBUG] [net.minecraftforge.registries.ForgeRegistry/REGISTRIES]: Registry forge:holder_set_type Sync: FROZEN -> ACTIVE
[20Nov2025 13:22:32.237] [modloading-worker-0/DEBUG] [net.minecraftforge.registries.ForgeRegistry/REGISTRIES]: Registry forge:display_contexts Sync: FROZEN -> ACTIVE
[20Nov2025 13:22:32.237] [modloading-worker-0/DEBUG] [net.minecraftforge.registries.ForgeRegistry/REGISTRIES]: Registry thermal_dynamics:grid_type Sync: FROZEN -> ACTIVE
[20Nov2025 13:22:33.701] [modloading-worker-0/DEBUG] [net.minecraftforge.registries.GameData/REGISTRIES]: All registries frozen
[20Nov2025 13:22:33.857] [Render thread/DEBUG] [net.minecraftforge.common.ForgeI18n/CORE]: Loading I18N data entries: 8011
[20Nov2025 13:22:33.900] [Render thread/WARN] [net.minecraft.client.sounds.SoundEngine/]: Missing sound for event: minecraft:item.goat_horn.play
[20Nov2025 13:22:33.900] [Render thread/WARN] [net.minecraft.client.sounds.SoundEngine/]: Missing sound for event: minecraft:entity.goat.screaming.horn_break
[20Nov2025 13:22:34.408] [Render thread/INFO] [com.mojang.blaze3d.audio.Library/]: OpenAL initialized on device OpenAL Soft on Speaker (Realtek(R) Audio)
[20Nov2025 13:22:34.410] [Render thread/INFO] [net.minecraft.client.sounds.SoundEngine/SOUNDS]: Sound engine started
[20Nov2025 13:22:34.509] [Render thread/INFO] [net.minecraft.client.renderer.texture.TextureAtlas/]: Created: 1024x1024x4 minecraft:textures/atlas/blocks.png-atlas
[20Nov2025 13:22:34.528] [Render thread/INFO] [net.minecraft.client.renderer.texture.TextureAtlas/]: Created: 256x256x4 minecraft:textures/atlas/signs.png-atlas
[20Nov2025 13:22:34.529] [Render thread/INFO] [net.minecraft.client.renderer.texture.TextureAtlas/]: Created: 512x512x4 minecraft:textures/atlas/banner_patterns.png-atlas
[20Nov2025 13:22:34.533] [Render thread/INFO] [net.minecraft.client.renderer.texture.TextureAtlas/]: Created: 512x512x4 minecraft:textures/atlas/shield_patterns.png-atlas
[20Nov2025 13:22:34.538] [Render thread/INFO] [net.minecraft.client.renderer.texture.TextureAtlas/]: Created: 1024x1024x4 minecraft:textures/atlas/armor_trims.png-atlas
[20Nov2025 13:22:34.548] [Render thread/INFO] [net.minecraft.client.renderer.texture.TextureAtlas/]: Created: 128x64x4 minecraft:textures/atlas/decorated_pot.png-atlas
[20Nov2025 13:22:34.549] [Render thread/INFO] [net.minecraft.client.renderer.texture.TextureAtlas/]: Created: 256x256x4 minecraft:textures/atlas/chest.png-atlas
[20Nov2025 13:22:34.549] [Render thread/INFO] [net.minecraft.client.renderer.texture.TextureAtlas/]: Created: 512x256x4 minecraft:textures/atlas/shulker_boxes.png-atlas
[20Nov2025 13:22:34.549] [Render thread/INFO] [net.minecraft.client.renderer.texture.TextureAtlas/]: Created: 512x256x4 minecraft:textures/atlas/beds.png-atlas
[20Nov2025 13:22:34.783] [Render thread/WARN] [net.minecraft.client.renderer.ShaderInstance/]: Shader rendertype_entity_translucent_emissive could not find sampler named Sampler2 in the specified shader program.
[20Nov2025 13:22:34.859] [Render thread/WARN] [net.minecraft.client.renderer.ShaderInstance/]: Shader cofh_core:particle_over could not find sampler named Sampler2 in the specified shader program.
[20Nov2025 13:22:34.860] [Render thread/WARN] [net.minecraft.client.renderer.ShaderInstance/]: Shader cofh_core:particle_add could not find sampler named Sampler2 in the specified shader program.
[20Nov2025 13:22:34.862] [Render thread/WARN] [net.minecraft.client.renderer.ShaderInstance/]: Shader cofh_core:particle_screen could not find sampler named Sampler2 in the specified shader program.
[20Nov2025 13:22:34.880] [Render thread/INFO] [net.minecraft.client.renderer.texture.TextureAtlas/]: Created: 512x256x0 minecraft:textures/atlas/particles.png-atlas
[20Nov2025 13:22:34.882] [Render thread/INFO] [net.minecraft.client.renderer.texture.TextureAtlas/]: Created: 256x256x0 minecraft:textures/atlas/paintings.png-atlas
[20Nov2025 13:22:34.883] [Render thread/INFO] [net.minecraft.client.renderer.texture.TextureAtlas/]: Created: 256x128x0 minecraft:textures/atlas/mob_effects.png-atlas
[20Nov2025 13:22:35.382] [Realms Notification Availability checker #1/INFO] [com.mojang.realmsclient.client.RealmsClient/]: Could not authorize you against Realms server: java.lang.RuntimeException: Failed to parse into SignedJWT: 0
[20Nov2025 13:22:38.066] [Render thread/INFO] [net.minecraftforge.registries.GameData/REGISTRIES]: Injecting existing registry data into this CLIENT instance
[20Nov2025 13:22:38.088] [Render thread/DEBUG] [net.minecraftforge.registries.ForgeRegistry/REGISTRIES]: Registry minecraft:block: Fixed minecraft:block id mismatch thermal:apatite_block: 1050 (init) -> 1085 (map).
[20Nov2025 13:22:38.089] [Render thread/DEBUG] [net.minecraftforge.registries.ForgeRegistry/REGISTRIES]: Registry minecraft:block: Fixed minecraft:block id mismatch thermal:apple_block: 1037 (init) -> 1080 (map).
[20Nov2025 13:22:38.089] [Render thread/DEBUG] [net.minecraftforge.registries.ForgeRegistry/REGISTRIES]: Registry minecraft:block: Fixed minecraft:block id mismatch thermal:beetroot_block: 1047 (init) -> 1084 (map).
[20Nov2025 13:22:38.090] [Render thread/DEBUG] [net.minecraftforge.registries.ForgeRegistry/REGISTRIES]: Registry minecraft:block: Fixed minecraft:block id mismatch thermal:bitumen_block: 1067 (init) -> 1093 (map).
[20Nov2025 13:22:38.090] [Render thread/DEBUG] [net.minecraftforge.registries.ForgeRegistry/REGISTRIES]: Registry minecraft:block: Fixed minecraft:block id mismatch thermal:black_rockwool: 1122 (init) -> 1135 (map).
[20Nov2025 13:22:38.090] [Render thread/DEBUG] [net.minecraftforge.registries.ForgeRegistry/REGISTRIES]: Registry minecraft:block: Fixed minecraft:block id mismatch thermal:blue_rockwool: 1116 (init) -> 1131 (map).
[20Nov2025 13:22:38.090] [Render thread/DEBUG] [net.minecraftforge.registries.ForgeRegistry/REGISTRIES]: Registry minecraft:block: Fixed minecraft:block id mismatch thermal:bronze_block: 1090 (init) -> 1061 (map).
[20Nov2025 13:22:38.090] [Render thread/DEBUG] [net.minecraftforge.registries.ForgeRegistry/REGISTRIES]: Registry minecraft:block: Fixed minecraft:block id mismatch thermal:brown_rockwool: 1117 (init) -> 1132 (map).
[20Nov2025 13:22:38.090] [Render thread/DEBUG] [net.minecraftforge.registries.ForgeRegistry/REGISTRIES]: Registry minecraft:block: Fixed minecraft:block id mismatch thermal:carrot_block: 1040 (init) -> 1081 (map).
[20Nov2025 13:22:38.090] [Render thread/DEBUG] [net.minecraftforge.registries.ForgeRegistry/REGISTRIES]: Registry minecraft:block: Fixed minecraft:block id mismatch thermal:charcoal_block: 1028 (init) -> 1076 (map).
[20Nov2025 13:22:38.090] [Render thread/DEBUG] [net.minecraftforge.registries.ForgeRegistry/REGISTRIES]: Registry minecraft:block: Fixed minecraft:block id mismatch thermal:chiseled_rich_slag: 1130 (init) -> 1141 (map).
[20Nov2025 13:22:38.090] [Render thread/DEBUG] [net.minecraftforge.registries.ForgeRegistry/REGISTRIES]: Registry minecraft:block: Fixed minecraft:block id mismatch thermal:chiseled_slag: 1124 (init) -> 1137 (map).
[20Nov2025 13:22:38.090] [Render thread/DEBUG] [net.minecraftforge.registries.ForgeRegistry/REGISTRIES]: Registry minecraft:block: Fixed minecraft:block id mismatch thermal:cinnabar_block: 1052 (init) -> 1087 (map).
[20Nov2025 13:22:38.090] [Render thread/DEBUG] [net.minecraftforge.registries.ForgeRegistry/REGISTRIES]: Registry minecraft:block: Fixed minecraft:block id mismatch thermal:cinnabar_ore: 1014 (init) -> 1012 (map).
[20Nov2025 13:22:38.090] [Render thread/DEBUG] [net.minecraftforge.registries.ForgeRegistry/REGISTRIES]: Registry minecraft:block: Fixed minecraft:block id mismatch thermal:coal_coke_block: 1063 (init) -> 1092 (map).
[20Nov2025 13:22:38.090] [Render thread/DEBUG] [net.minecraftforge.registries.ForgeRegistry/REGISTRIES]: Registry minecraft:block: Fixed minecraft:block id mismatch thermal:constantan_block: 1098 (init) -> 1066 (map).
[20Nov2025 13:22:38.090] [Render thread/DEBUG] [net.minecraftforge.registries.ForgeRegistry/REGISTRIES]: Registry minecraft:block: Fixed minecraft:block id mismatch thermal:cracked_rich_slag_bricks: 1132 (init) -> 1143 (map).
[20Nov2025 13:22:38.090] [Render thread/DEBUG] [net.minecraftforge.registries.ForgeRegistry/REGISTRIES]: Registry minecraft:block: Fixed minecraft:block id mismatch thermal:cracked_slag_bricks: 1127 (init) -> 1139 (map).
[20Nov2025 13:22:38.090] [Render thread/DEBUG] [net.minecraftforge.registries.ForgeRegistry/REGISTRIES]: Registry minecraft:block: Fixed minecraft:block id mismatch thermal:cured_rubber_block: 1074 (init) -> 1100 (map).
[20Nov2025 13:22:38.090] [Render thread/DEBUG] [net.minecraftforge.registries.ForgeRegistry/REGISTRIES]: Registry minecraft:block: Fixed minecraft:block id mismatch thermal:cyan_rockwool: 1113 (init) -> 1129 (map).
[20Nov2025 13:22:38.090] [Render thread/DEBUG] [net.minecraftforge.registries.ForgeRegistry/REGISTRIES]: Registry minecraft:block: Fixed minecraft:block id mismatch thermal:deepslate_apatite_ore: 1011 (init) -> 1010 (map).
[20Nov2025 13:22:38.090] [Render thread/DEBUG] [net.minecraftforge.registries.ForgeRegistry/REGISTRIES]: Registry minecraft:block: Fixed minecraft:block id mismatch thermal:deepslate_cinnabar_ore: 1017 (init) -> 1014 (map).
[20Nov2025 13:22:38.090] [Render thread/DEBUG] [net.minecraftforge.registries.ForgeRegistry/REGISTRIES]: Registry minecraft:block: Fixed minecraft:block id mismatch thermal:deepslate_lead_ore: 1038 (init) -> 1024 (map).
[20Nov2025 13:22:38.090] [Render thread/DEBUG] [net.minecraftforge.registries.ForgeRegistry/REGISTRIES]: Registry minecraft:block: Fixed minecraft:block id mismatch thermal:deepslate_nickel_ore: 1049 (init) -> 1030 (map).
[20Nov2025 13:22:38.091] [Render thread/DEBUG] [net.minecraftforge.registries.ForgeRegistry/REGISTRIES]: Registry minecraft:block: Fixed minecraft:block id mismatch thermal:deepslate_niter_ore: 1022 (init) -> 1017 (map).
[20Nov2025 13:22:38.091] [Render thread/DEBUG] [net.minecraftforge.registries.ForgeRegistry/REGISTRIES]: Registry minecraft:block: Fixed minecraft:block id mismatch thermal:deepslate_ruby_ore: 1056 (init) -> 1034 (map).
[20Nov2025 13:22:38.091] [Render thread/DEBUG] [net.minecraftforge.registries.ForgeRegistry/REGISTRIES]: Registry minecraft:block: Fixed minecraft:block id mismatch thermal:deepslate_sapphire_ore: 1065 (init) -> 1038 (map).
[20Nov2025 13:22:38.091] [Render thread/DEBUG] [net.minecraftforge.registries.ForgeRegistry/REGISTRIES]: Registry minecraft:block: Fixed minecraft:block id mismatch thermal:deepslate_silver_ore: 1043 (init) -> 1027 (map).
[20Nov2025 13:22:38.091] [Render thread/DEBUG] [net.minecraftforge.registries.ForgeRegistry/REGISTRIES]: Registry minecraft:block: Fixed minecraft:block id mismatch thermal:deepslate_sulfur_ore: 1026 (init) -> 1019 (map).
[20Nov2025 13:22:38.091] [Render thread/DEBUG] [net.minecraftforge.registries.ForgeRegistry/REGISTRIES]: Registry minecraft:block: Fixed minecraft:block id mismatch thermal:deepslate_tin_ore: 1034 (init) -> 1021 (map).
[20Nov2025 13:22:38.091] [Render thread/DEBUG] [net.minecraftforge.registries.ForgeRegistry/REGISTRIES]: Registry minecraft:block: Fixed minecraft:block id mismatch thermal:dynamo_compression: 1055 (init) -> 1056 (map).
[20Nov2025 13:22:38.091] [Render thread/DEBUG] [net.minecraftforge.registries.ForgeRegistry/REGISTRIES]: Registry minecraft:block: Fixed minecraft:block id mismatch thermal:dynamo_gourmand: 1066 (init) -> 1067 (map).
[20Nov2025 13:22:38.091] [Render thread/DEBUG] [net.minecraftforge.registries.ForgeRegistry/REGISTRIES]: Registry minecraft:block: Fixed minecraft:block id mismatch thermal:dynamo_stirling: 1053 (init) -> 1054 (map).
[20Nov2025 13:22:38.091] [Render thread/DEBUG] [net.minecraftforge.registries.ForgeRegistry/REGISTRIES]: Registry minecraft:block: Fixed minecraft:block id mismatch thermal:electrum_block: 1092 (init) -> 1063 (map).
[20Nov2025 13:22:38.091] [Render thread/DEBUG] [net.minecraftforge.registries.ForgeRegistry/REGISTRIES]: Registry minecraft:block: Fixed minecraft:block id mismatch thermal:enderium_block: 1083 (init) -> 1108 (map).
[20Nov2025 13:22:38.091] [Render thread/DEBUG] [net.minecraftforge.registries.ForgeRegistry/REGISTRIES]: Registry minecraft:block: Fixed minecraft:block id mismatch thermal:enderium_glass: 1096 (init) -> 1119 (map).
[20Nov2025 13:22:38.091] [Render thread/DEBUG] [net.minecraftforge.registries.ForgeRegistry/REGISTRIES]: Registry minecraft:block: Fixed minecraft:block id mismatch thermal:energy_cell_frame: 1087 (init) -> 1112 (map).
[20Nov2025 13:22:38.091] [Render thread/DEBUG] [net.minecraftforge.registries.ForgeRegistry/REGISTRIES]: Registry minecraft:block: Fixed minecraft:block id mismatch thermal:fluid_cell_frame: 1089 (init) -> 1114 (map).
[20Nov2025 13:22:38.091] [Render thread/DEBUG] [net.minecraftforge.registries.ForgeRegistry/REGISTRIES]: Registry minecraft:block: Fixed minecraft:block id mismatch thermal:fluid_duct: 1012 (init) -> 1011 (map).
[20Nov2025 13:22:38.091] [Render thread/DEBUG] [net.minecraftforge.registries.ForgeRegistry/REGISTRIES]: Registry minecraft:block: Fixed minecraft:block id mismatch thermal:fluid_duct_windowed: 1016 (init) -> 1013 (map).
[20Nov2025 13:22:38.091] [Render thread/DEBUG] [net.minecraftforge.registries.ForgeRegistry/REGISTRIES]: Registry minecraft:block: Fixed minecraft:block id mismatch thermal:gray_rockwool: 1110 (init) -> 1127 (map).
[20Nov2025 13:22:38.091] [Render thread/DEBUG] [net.minecraftforge.registries.ForgeRegistry/REGISTRIES]: Registry minecraft:block: Fixed minecraft:block id mismatch thermal:green_rockwool: 1119 (init) -> 1133 (map).
[20Nov2025 13:22:38.091] [Render thread/DEBUG] [net.minecraftforge.registries.ForgeRegistry/REGISTRIES]: Registry minecraft:block: Fixed minecraft:block id mismatch thermal:gunpowder_block: 1031 (init) -> 1078 (map).
[20Nov2025 13:22:38.091] [Render thread/DEBUG] [net.minecraftforge.registries.ForgeRegistry/REGISTRIES]: Registry minecraft:block: Fixed minecraft:block id mismatch thermal:invar_block: 1095 (init) -> 1065 (map).
[20Nov2025 13:22:38.091] [Render thread/DEBUG] [net.minecraftforge.registries.ForgeRegistry/REGISTRIES]: Registry minecraft:block: Fixed minecraft:block id mismatch thermal:item_buffer: 1021 (init) -> 1016 (map).
[20Nov2025 13:22:38.091] [Render thread/DEBUG] [net.minecraftforge.registries.ForgeRegistry/REGISTRIES]: Registry minecraft:block: Fixed minecraft:block id mismatch thermal:lead_block: 1084 (init) -> 1055 (map).
[20Nov2025 13:22:38.091] [Render thread/DEBUG] [net.minecraftforge.registries.ForgeRegistry/REGISTRIES]: Registry minecraft:block: Fixed minecraft:block id mismatch thermal:lead_ore: 1035 (init) -> 1023 (map).
[20Nov2025 13:22:38.091] [Render thread/DEBUG] [net.minecraftforge.registries.ForgeRegistry/REGISTRIES]: Registry minecraft:block: Fixed minecraft:block id mismatch thermal:light_blue_rockwool: 1104 (init) -> 1123 (map).
[20Nov2025 13:22:38.091] [Render thread/DEBUG] [net.minecraftforge.registries.ForgeRegistry/REGISTRIES]: Registry minecraft:block: Fixed minecraft:block id mismatch thermal:light_gray_rockwool: 1112 (init) -> 1128 (map).
[20Nov2025 13:22:38.091] [Render thread/DEBUG] [net.minecraftforge.registries.ForgeRegistry/REGISTRIES]: Registry minecraft:block: Fixed minecraft:block id mismatch thermal:lime_rockwool: 1107 (init) -> 1125 (map).
[20Nov2025 13:22:38.091] [Render thread/DEBUG] [net.minecraftforge.registries.ForgeRegistry/REGISTRIES]: Registry minecraft:block: Fixed minecraft:block id mismatch thermal:lumium_block: 1080 (init) -> 1106 (map).
[20Nov2025 13:22:38.091] [Render thread/DEBUG] [net.minecraftforge.registries.ForgeRegistry/REGISTRIES]: Registry minecraft:block: Fixed minecraft:block id mismatch thermal:lumium_glass: 1094 (init) -> 1118 (map).
[20Nov2025 13:22:38.092] [Render thread/DEBUG] [net.minecraftforge.registries.ForgeRegistry/REGISTRIES]: Registry minecraft:block: Fixed minecraft:block id mismatch thermal:machine_bottler: 1039 (init) -> 1045 (map).
[20Nov2025 13:22:38.092] [Render thread/DEBUG] [net.minecraftforge.registries.ForgeRegistry/REGISTRIES]: Registry minecraft:block: Fixed minecraft:block id mismatch thermal:machine_brewer: 1042 (init) -> 1047 (map).
[20Nov2025 13:22:38.092] [Render thread/DEBUG] [net.minecraftforge.registries.ForgeRegistry/REGISTRIES]: Registry minecraft:block: Fixed minecraft:block id mismatch thermal:machine_centrifuge: 1023 (init) -> 1035 (map).
[20Nov2025 13:22:38.092] [Render thread/DEBUG] [net.minecraftforge.registries.ForgeRegistry/REGISTRIES]: Registry minecraft:block: Fixed minecraft:block id mismatch thermal:machine_chiller: 1029 (init) -> 1040 (map).
[20Nov2025 13:22:38.092] [Render thread/DEBUG] [net.minecraftforge.registries.ForgeRegistry/REGISTRIES]: Registry minecraft:block: Fixed minecraft:block id mismatch thermal:machine_crafter: 1048 (init) -> 1051 (map).
[20Nov2025 13:22:38.092] [Render thread/DEBUG] [net.minecraftforge.registries.ForgeRegistry/REGISTRIES]: Registry minecraft:block: Fixed minecraft:block id mismatch thermal:machine_crucible: 1027 (init) -> 1039 (map).
[20Nov2025 13:22:38.092] [Render thread/DEBUG] [net.minecraftforge.registries.ForgeRegistry/REGISTRIES]: Registry minecraft:block: Fixed minecraft:block id mismatch thermal:machine_crystallizer: 1046 (init) -> 1049 (map).
[20Nov2025 13:22:38.092] [Render thread/DEBUG] [net.minecraftforge.registries.ForgeRegistry/REGISTRIES]: Registry minecraft:block: Fixed minecraft:block id mismatch thermal:machine_frame: 1085 (init) -> 1110 (map).
[20Nov2025 13:22:38.092] [Render thread/DEBUG] [net.minecraftforge.registries.ForgeRegistry/REGISTRIES]: Registry minecraft:block: Fixed minecraft:block id mismatch thermal:machine_furnace: 1010 (init) -> 1022 (map).
[20Nov2025 13:22:38.092] [Render thread/DEBUG] [net.minecraftforge.registries.ForgeRegistry/REGISTRIES]: Registry minecraft:block: Fixed minecraft:block id mismatch thermal:machine_insolator: 1020 (init) -> 1033 (map).
[20Nov2025 13:22:38.092] [Render thread/DEBUG] [net.minecraftforge.registries.ForgeRegistry/REGISTRIES]: Registry minecraft:block: Fixed minecraft:block id mismatch thermal:machine_press: 1025 (init) -> 1037 (map).
[20Nov2025 13:22:38.092] [Render thread/DEBUG] [net.minecraftforge.registries.ForgeRegistry/REGISTRIES]: Registry minecraft:block: Fixed minecraft:block id mismatch thermal:machine_pulverizer: 1015 (init) -> 1029 (map).
[20Nov2025 13:22:38.092] [Render thread/DEBUG] [net.minecraftforge.registries.ForgeRegistry/REGISTRIES]: Registry minecraft:block: Fixed minecraft:block id mismatch thermal:machine_pyrolyzer: 1036 (init) -> 1043 (map).
[20Nov2025 13:22:38.092] [Render thread/DEBUG] [net.minecraftforge.registries.ForgeRegistry/REGISTRIES]: Registry minecraft:block: Fixed minecraft:block id mismatch thermal:machine_refinery: 1032 (init) -> 1042 (map).
[20Nov2025 13:22:38.092] [Render thread/DEBUG] [net.minecraftforge.registries.ForgeRegistry/REGISTRIES]: Registry minecraft:block: Fixed minecraft:block id mismatch thermal:machine_sawmill: 1013 (init) -> 1026 (map).
[20Nov2025 13:22:38.092] [Render thread/DEBUG] [net.minecraftforge.registries.ForgeRegistry/REGISTRIES]: Registry minecraft:block: Fixed minecraft:block id mismatch thermal:machine_smelter: 1018 (init) -> 1031 (map).
[20Nov2025 13:22:38.092] [Render thread/DEBUG] [net.minecraftforge.registries.ForgeRegistry/REGISTRIES]: Registry minecraft:block: Fixed minecraft:block id mismatch thermal:magenta_rockwool: 1101 (init) -> 1122 (map).
[20Nov2025 13:22:38.092] [Render thread/DEBUG] [net.minecraftforge.registries.ForgeRegistry/REGISTRIES]: Registry minecraft:block: Fixed minecraft:block id mismatch thermal:nickel_block: 1088 (init) -> 1059 (map).
[20Nov2025 13:22:38.092] [Render thread/DEBUG] [net.minecraftforge.registries.ForgeRegistry/REGISTRIES]: Registry minecraft:block: Fixed minecraft:block id mismatch thermal:nickel_ore: 1045 (init) -> 1028 (map).
[20Nov2025 13:22:38.092] [Render thread/DEBUG] [net.minecraftforge.registries.ForgeRegistry/REGISTRIES]: Registry minecraft:block: Fixed minecraft:block id mismatch thermal:niter_block: 1054 (init) -> 1088 (map).
[20Nov2025 13:22:38.092] [Render thread/DEBUG] [net.minecraftforge.registries.ForgeRegistry/REGISTRIES]: Registry minecraft:block: Fixed minecraft:block id mismatch thermal:niter_ore: 1019 (init) -> 1015 (map).
[20Nov2025 13:22:38.092] [Render thread/DEBUG] [net.minecraftforge.registries.ForgeRegistry/REGISTRIES]: Registry minecraft:block: Fixed minecraft:block id mismatch thermal:obsidian_glass: 1091 (init) -> 1116 (map).
[20Nov2025 13:22:38.092] [Render thread/DEBUG] [net.minecraftforge.registries.ForgeRegistry/REGISTRIES]: Registry minecraft:block: Fixed minecraft:block id mismatch thermal:oil_red_sand: 1070 (init) -> 1044 (map).
[20Nov2025 13:22:38.092] [Render thread/DEBUG] [net.minecraftforge.registries.ForgeRegistry/REGISTRIES]: Registry minecraft:block: Fixed minecraft:block id mismatch thermal:oil_sand: 1068 (init) -> 1041 (map).
[20Nov2025 13:22:38.092] [Render thread/DEBUG] [net.minecraftforge.registries.ForgeRegistry/REGISTRIES]: Registry minecraft:block: Fixed minecraft:block id mismatch thermal:orange_rockwool: 1100 (init) -> 1121 (map).
[20Nov2025 13:22:38.092] [Render thread/DEBUG] [net.minecraftforge.registries.ForgeRegistry/REGISTRIES]: Registry minecraft:block: Fixed minecraft:block id mismatch thermal:pink_rockwool: 1109 (init) -> 1126 (map).
[20Nov2025 13:22:38.092] [Render thread/DEBUG] [net.minecraftforge.registries.ForgeRegistry/REGISTRIES]: Registry minecraft:block: Fixed minecraft:block id mismatch thermal:polished_rich_slag: 1129 (init) -> 1140 (map).
[20Nov2025 13:22:38.092] [Render thread/DEBUG] [net.minecraftforge.registries.ForgeRegistry/REGISTRIES]: Registry minecraft:block: Fixed minecraft:block id mismatch thermal:polished_slag: 1123 (init) -> 1136 (map).
[20Nov2025 13:22:38.092] [Render thread/DEBUG] [net.minecraftforge.registries.ForgeRegistry/REGISTRIES]: Registry minecraft:block: Fixed minecraft:block id mismatch thermal:potato_block: 1044 (init) -> 1082 (map).
[20Nov2025 13:22:38.092] [Render thread/DEBUG] [net.minecraftforge.registries.ForgeRegistry/REGISTRIES]: Registry minecraft:block: Fixed minecraft:block id mismatch thermal:potted_rubberwood_sapling: 1120 (init) -> 1077 (map).
[20Nov2025 13:22:38.092] [Render thread/DEBUG] [net.minecraftforge.registries.ForgeRegistry/REGISTRIES]: Registry minecraft:block: Fixed minecraft:block id mismatch thermal:purple_rockwool: 1115 (init) -> 1130 (map).
[20Nov2025 13:22:38.092] [Render thread/DEBUG] [net.minecraftforge.registries.ForgeRegistry/REGISTRIES]: Registry minecraft:block: Fixed minecraft:block id mismatch thermal:raw_lead_block: 1075 (init) -> 1048 (map).
[20Nov2025 13:22:38.092] [Render thread/DEBUG] [net.minecraftforge.registries.ForgeRegistry/REGISTRIES]: Registry minecraft:block: Fixed minecraft:block id mismatch thermal:raw_nickel_block: 1081 (init) -> 1052 (map).
[20Nov2025 13:22:38.092] [Render thread/DEBUG] [net.minecraftforge.registries.ForgeRegistry/REGISTRIES]: Registry minecraft:block: Fixed minecraft:block id mismatch thermal:raw_silver_block: 1077 (init) -> 1050 (map).
[20Nov2025 13:22:38.092] [Render thread/DEBUG] [net.minecraftforge.registries.ForgeRegistry/REGISTRIES]: Registry minecraft:block: Fixed minecraft:block id mismatch thermal:raw_tin_block: 1072 (init) -> 1046 (map).
[20Nov2025 13:22:38.092] [Render thread/DEBUG] [net.minecraftforge.registries.ForgeRegistry/REGISTRIES]: Registry minecraft:block: Fixed minecraft:block id mismatch thermal:red_rockwool: 1121 (init) -> 1134 (map).
[20Nov2025 13:22:38.093] [Render thread/DEBUG] [net.minecraftforge.registries.ForgeRegistry/REGISTRIES]: Registry minecraft:block: Fixed minecraft:block id mismatch thermal:rich_slag_block: 1078 (init) -> 1103 (map).
[20Nov2025 13:22:38.093] [Render thread/DEBUG] [net.minecraftforge.registries.ForgeRegistry/REGISTRIES]: Registry minecraft:block: Fixed minecraft:block id mismatch thermal:rich_slag_bricks: 1131 (init) -> 1142 (map).
[20Nov2025 13:22:38.093] [Render thread/DEBUG] [net.minecraftforge.registries.ForgeRegistry/REGISTRIES]: Registry minecraft:block: Fixed minecraft:block id mismatch thermal:rosin_block: 1071 (init) -> 1097 (map).
[20Nov2025 13:22:38.093] [Render thread/DEBUG] [net.minecraftforge.registries.ForgeRegistry/REGISTRIES]: Registry minecraft:block: Fixed minecraft:block id mismatch thermal:rubber_block: 1073 (init) -> 1099 (map).
[20Nov2025 13:22:38.093] [Render thread/DEBUG] [net.minecraftforge.registries.ForgeRegistry/REGISTRIES]: Registry minecraft:block: Fixed minecraft:block id mismatch thermal:rubberwood_button: 1136 (init) -> 1098 (map).
[20Nov2025 13:22:38.093] [Render thread/DEBUG] [net.minecraftforge.registries.ForgeRegistry/REGISTRIES]: Registry minecraft:block: Fixed minecraft:block id mismatch thermal:rubberwood_door: 1134 (init) -> 1094 (map).
[20Nov2025 13:22:38.093] [Render thread/DEBUG] [net.minecraftforge.registries.ForgeRegistry/REGISTRIES]: Registry minecraft:block: Fixed minecraft:block id mismatch thermal:rubberwood_fence: 1138 (init) -> 1104 (map).
[20Nov2025 13:22:38.093] [Render thread/DEBUG] [net.minecraftforge.registries.ForgeRegistry/REGISTRIES]: Registry minecraft:block: Fixed minecraft:block id mismatch thermal:rubberwood_fence_gate: 1139 (init) -> 1107 (map).
[20Nov2025 13:22:38.093] [Render thread/DEBUG] [net.minecraftforge.registries.ForgeRegistry/REGISTRIES]: Registry minecraft:block: Fixed minecraft:block id mismatch thermal:rubberwood_hanging_sign: 1142 (init) -> 1113 (map).
[20Nov2025 13:22:38.093] [Render thread/DEBUG] [net.minecraftforge.registries.ForgeRegistry/REGISTRIES]: Registry minecraft:block: Fixed minecraft:block id mismatch thermal:rubberwood_leaves: 1118 (init) -> 1075 (map).
[20Nov2025 13:22:38.093] [Render thread/DEBUG] [net.minecraftforge.registries.ForgeRegistry/REGISTRIES]: Registry minecraft:block: Fixed minecraft:block id mismatch thermal:rubberwood_log: 1103 (init) -> 1070 (map).
[20Nov2025 13:22:38.093] [Render thread/DEBUG] [net.minecraftforge.registries.ForgeRegistry/REGISTRIES]: Registry minecraft:block: Fixed minecraft:block id mismatch thermal:rubberwood_planks: 1126 (init) -> 1083 (map).
[20Nov2025 13:22:38.093] [Render thread/DEBUG] [net.minecraftforge.registries.ForgeRegistry/REGISTRIES]: Registry minecraft:block: Fixed minecraft:block id mismatch thermal:rubberwood_pressure_plate: 1137 (init) -> 1101 (map).
[20Nov2025 13:22:38.093] [Render thread/DEBUG] [net.minecraftforge.registries.ForgeRegistry/REGISTRIES]: Registry minecraft:block: Fixed minecraft:block id mismatch thermal:rubberwood_sapling: 1114 (init) -> 1074 (map).
[20Nov2025 13:22:38.093] [Render thread/DEBUG] [net.minecraftforge.registries.ForgeRegistry/REGISTRIES]: Registry minecraft:block: Fixed minecraft:block id mismatch thermal:rubberwood_sign: 1140 (init) -> 1109 (map).
[20Nov2025 13:22:38.093] [Render thread/DEBUG] [net.minecraftforge.registries.ForgeRegistry/REGISTRIES]: Registry minecraft:block: Fixed minecraft:block id mismatch thermal:rubberwood_slab: 1128 (init) -> 1086 (map).
[20Nov2025 13:22:38.093] [Render thread/DEBUG] [net.minecraftforge.registries.ForgeRegistry/REGISTRIES]: Registry minecraft:block: Fixed minecraft:block id mismatch thermal:rubberwood_stairs: 1133 (init) -> 1091 (map).
[20Nov2025 13:22:38.093] [Render thread/DEBUG] [net.minecraftforge.registries.ForgeRegistry/REGISTRIES]: Registry minecraft:block: Fixed minecraft:block id mismatch thermal:rubberwood_trapdoor: 1135 (init) -> 1096 (map).
[20Nov2025 13:22:38.093] [Render thread/DEBUG] [net.minecraftforge.registries.ForgeRegistry/REGISTRIES]: Registry minecraft:block: Fixed minecraft:block id mismatch thermal:rubberwood_wall_hanging_sign: 1143 (init) -> 1115 (map).
[20Nov2025 13:22:38.093] [Render thread/DEBUG] [net.minecraftforge.registries.ForgeRegistry/REGISTRIES]: Registry minecraft:block: Fixed minecraft:block id mismatch thermal:rubberwood_wall_sign: 1141 (init) -> 1111 (map).
[20Nov2025 13:22:38.093] [Render thread/DEBUG] [net.minecraftforge.registries.ForgeRegistry/REGISTRIES]: Registry minecraft:block: Fixed minecraft:block id mismatch thermal:rubberwood_wood: 1108 (init) -> 1072 (map).
[20Nov2025 13:22:38.093] [Render thread/DEBUG] [net.minecraftforge.registries.ForgeRegistry/REGISTRIES]: Registry minecraft:block: Fixed minecraft:block id mismatch thermal:ruby_block: 1099 (init) -> 1068 (map).
[20Nov2025 13:22:38.093] [Render thread/DEBUG] [net.minecraftforge.registries.ForgeRegistry/REGISTRIES]: Registry minecraft:block: Fixed minecraft:block id mismatch thermal:ruby_ore: 1051 (init) -> 1032 (map).
[20Nov2025 13:22:38.093] [Render thread/DEBUG] [net.minecraftforge.registries.ForgeRegistry/REGISTRIES]: Registry minecraft:block: Fixed minecraft:block id mismatch thermal:sapphire_block: 1102 (init) -> 1069 (map).
[20Nov2025 13:22:38.093] [Render thread/DEBUG] [net.minecraftforge.registries.ForgeRegistry/REGISTRIES]: Registry minecraft:block: Fixed minecraft:block id mismatch thermal:sapphire_ore: 1061 (init) -> 1036 (map).
[20Nov2025 13:22:38.093] [Render thread/DEBUG] [net.minecraftforge.registries.ForgeRegistry/REGISTRIES]: Registry minecraft:block: Fixed minecraft:block id mismatch thermal:sawdust_block: 1059 (init) -> 1090 (map).
[20Nov2025 13:22:38.093] [Render thread/DEBUG] [net.minecraftforge.registries.ForgeRegistry/REGISTRIES]: Registry minecraft:block: Fixed minecraft:block id mismatch thermal:signalum_block: 1079 (init) -> 1105 (map).
[20Nov2025 13:22:38.093] [Render thread/DEBUG] [net.minecraftforge.registries.ForgeRegistry/REGISTRIES]: Registry minecraft:block: Fixed minecraft:block id mismatch thermal:signalum_glass: 1093 (init) -> 1117 (map).
[20Nov2025 13:22:38.093] [Render thread/DEBUG] [net.minecraftforge.registries.ForgeRegistry/REGISTRIES]: Registry minecraft:block: Fixed minecraft:block id mismatch thermal:silver_block: 1086 (init) -> 1057 (map).
[20Nov2025 13:22:38.093] [Render thread/DEBUG] [net.minecraftforge.registries.ForgeRegistry/REGISTRIES]: Registry minecraft:block: Fixed minecraft:block id mismatch thermal:silver_ore: 1041 (init) -> 1025 (map).
[20Nov2025 13:22:38.093] [Render thread/DEBUG] [net.minecraftforge.registries.ForgeRegistry/REGISTRIES]: Registry minecraft:block: Fixed minecraft:block id mismatch thermal:slag_block: 1076 (init) -> 1102 (map).
[20Nov2025 13:22:38.093] [Render thread/DEBUG] [net.minecraftforge.registries.ForgeRegistry/REGISTRIES]: Registry minecraft:block: Fixed minecraft:block id mismatch thermal:slag_bricks: 1125 (init) -> 1138 (map).
[20Nov2025 13:22:38.093] [Render thread/DEBUG] [net.minecraftforge.registries.ForgeRegistry/REGISTRIES]: Registry minecraft:block: Fixed minecraft:block id mismatch thermal:stripped_rubberwood_log: 1105 (init) -> 1071 (map).
[20Nov2025 13:22:38.094] [Render thread/DEBUG] [net.minecraftforge.registries.ForgeRegistry/REGISTRIES]: Registry minecraft:block: Fixed minecraft:block id mismatch thermal:stripped_rubberwood_wood: 1111 (init) -> 1073 (map).
[20Nov2025 13:22:38.094] [Render thread/DEBUG] [net.minecraftforge.registries.ForgeRegistry/REGISTRIES]: Registry minecraft:block: Fixed minecraft:block id mismatch thermal:sugar_cane_block: 1033 (init) -> 1079 (map).
[20Nov2025 13:22:38.094] [Render thread/DEBUG] [net.minecraftforge.registries.ForgeRegistry/REGISTRIES]: Registry minecraft:block: Fixed minecraft:block id mismatch thermal:sulfur_block: 1057 (init) -> 1089 (map).
[20Nov2025 13:22:38.094] [Render thread/DEBUG] [net.minecraftforge.registries.ForgeRegistry/REGISTRIES]: Registry minecraft:block: Fixed minecraft:block id mismatch thermal:sulfur_ore: 1024 (init) -> 1018 (map).
[20Nov2025 13:22:38.094] [Render thread/DEBUG] [net.minecraftforge.registries.ForgeRegistry/REGISTRIES]: Registry minecraft:block: Fixed minecraft:block id mismatch thermal:tar_block: 1069 (init) -> 1095 (map).
[20Nov2025 13:22:38.094] [Render thread/DEBUG] [net.minecraftforge.registries.ForgeRegistry/REGISTRIES]: Registry minecraft:block: Fixed minecraft:block id mismatch thermal:tin_block: 1082 (init) -> 1053 (map).
[20Nov2025 13:22:38.094] [Render thread/DEBUG] [net.minecraftforge.registries.ForgeRegistry/REGISTRIES]: Registry minecraft:block: Fixed minecraft:block id mismatch thermal:tin_ore: 1030 (init) -> 1020 (map).
[20Nov2025 13:22:38.094] [Render thread/DEBUG] [net.minecraftforge.registries.ForgeRegistry/REGISTRIES]: Registry minecraft:block: Fixed minecraft:block id mismatch thermal:white_rockwool: 1097 (init) -> 1120 (map).
[20Nov2025 13:22:38.094] [Render thread/DEBUG] [net.minecraftforge.registries.ForgeRegistry/REGISTRIES]: Registry minecraft:block: Fixed minecraft:block id mismatch thermal:yellow_rockwool: 1106 (init) -> 1124 (map).
[20Nov2025 13:22:38.104] [Render thread/DEBUG] [net.minecraftforge.registries.ForgeRegistry/REGISTRIES]: Registry minecraft:item: Fixed minecraft:item id mismatch thermal:apatite_block: 1308 (init) -> 1351 (map).
[20Nov2025 13:22:38.104] [Render thread/DEBUG] [net.minecraftforge.registries.ForgeRegistry/REGISTRIES]: Registry minecraft:item: Fixed minecraft:item id mismatch thermal:apple_block: 1295 (init) -> 1345 (map).
[20Nov2025 13:22:38.105] [Render thread/DEBUG] [net.minecraftforge.registries.ForgeRegistry/REGISTRIES]: Registry minecraft:item: Fixed minecraft:item id mismatch thermal:beetroot_block: 1305 (init) -> 1350 (map).
[20Nov2025 13:22:38.105] [Render thread/DEBUG] [net.minecraftforge.registries.ForgeRegistry/REGISTRIES]: Registry minecraft:item: Fixed minecraft:item id mismatch thermal:bitumen_block: 1325 (init) -> 1359 (map).
[20Nov2025 13:22:38.105] [Render thread/DEBUG] [net.minecraftforge.registries.ForgeRegistry/REGISTRIES]: Registry minecraft:item: Fixed minecraft:item id mismatch thermal:black_rockwool: 1379 (init) -> 1451 (map).
[20Nov2025 13:22:38.105] [Render thread/DEBUG] [net.minecraftforge.registries.ForgeRegistry/REGISTRIES]: Registry minecraft:item: Fixed minecraft:item id mismatch thermal:blue_rockwool: 1374 (init) -> 1445 (map).
[20Nov2025 13:22:38.105] [Render thread/DEBUG] [net.minecraftforge.registries.ForgeRegistry/REGISTRIES]: Registry minecraft:item: Fixed minecraft:item id mismatch thermal:bronze_block: 1348 (init) -> 1319 (map).
[20Nov2025 13:22:38.105] [Render thread/DEBUG] [net.minecraftforge.registries.ForgeRegistry/REGISTRIES]: Registry minecraft:item: Fixed minecraft:item id mismatch thermal:bronze_coin: 1439 (init) -> 1426 (map).
[20Nov2025 13:22:38.105] [Render thread/DEBUG] [net.minecraftforge.registries.ForgeRegistry/REGISTRIES]: Registry minecraft:item: Fixed minecraft:item id mismatch thermal:bronze_dust: 1436 (init) -> 1423 (map).
[20Nov2025 13:22:38.105] [Render thread/DEBUG] [net.minecraftforge.registries.ForgeRegistry/REGISTRIES]: Registry minecraft:item: Fixed minecraft:item id mismatch thermal:bronze_gear: 1437 (init) -> 1424 (map).
[20Nov2025 13:22:38.105] [Render thread/DEBUG] [net.minecraftforge.registries.ForgeRegistry/REGISTRIES]: Registry minecraft:item: Fixed minecraft:item id mismatch thermal:bronze_ingot: 1434 (init) -> 1421 (map).
[20Nov2025 13:22:38.105] [Render thread/DEBUG] [net.minecraftforge.registries.ForgeRegistry/REGISTRIES]: Registry minecraft:item: Fixed minecraft:item id mismatch thermal:bronze_nugget: 1435 (init) -> 1422 (map).
[20Nov2025 13:22:38.106] [Render thread/DEBUG] [net.minecraftforge.registries.ForgeRegistry/REGISTRIES]: Registry minecraft:item: Fixed minecraft:item id mismatch thermal:bronze_plate: 1438 (init) -> 1425 (map).
[20Nov2025 13:22:38.106] [Render thread/DEBUG] [net.minecraftforge.registries.ForgeRegistry/REGISTRIES]: Registry minecraft:item: Fixed minecraft:item id mismatch thermal:brown_rockwool: 1375 (init) -> 1446 (map).
[20Nov2025 13:22:38.106] [Render thread/DEBUG] [net.minecraftforge.registries.ForgeRegistry/REGISTRIES]: Registry minecraft:item: Fixed minecraft:item id mismatch thermal:carrot_block: 1298 (init) -> 1347 (map).
[20Nov2025 13:22:38.106] [Render thread/DEBUG] [net.minecraftforge.registries.ForgeRegistry/REGISTRIES]: Registry minecraft:item: Fixed minecraft:item id mismatch thermal:charcoal_block: 1283 (init) -> 1339 (map).
[20Nov2025 13:22:38.106] [Render thread/DEBUG] [net.minecraftforge.registries.ForgeRegistry/REGISTRIES]: Registry minecraft:item: Fixed minecraft:item id mismatch thermal:chiller_ball_cast: 1397 (init) -> 1342 (map).
[20Nov2025 13:22:38.106] [Render thread/DEBUG] [net.minecraftforge.registries.ForgeRegistry/REGISTRIES]: Registry minecraft:item: Fixed minecraft:item id mismatch thermal:chiller_ingot_cast: 1398 (init) -> 1344 (map).
[20Nov2025 13:22:38.106] [Render thread/DEBUG] [net.minecraftforge.registries.ForgeRegistry/REGISTRIES]: Registry minecraft:item: Fixed minecraft:item id mismatch thermal:chiller_rod_cast: 1399 (init) -> 1346 (map).
[20Nov2025 13:22:38.106] [Render thread/DEBUG] [net.minecraftforge.registries.ForgeRegistry/REGISTRIES]: Registry minecraft:item: Fixed minecraft:item id mismatch thermal:chiseled_rich_slag: 1389 (init) -> 1465 (map).
[20Nov2025 13:22:38.106] [Render thread/DEBUG] [net.minecraftforge.registries.ForgeRegistry/REGISTRIES]: Registry minecraft:item: Fixed minecraft:item id mismatch thermal:chiseled_slag: 1381 (init) -> 1457 (map).
[20Nov2025 13:22:38.106] [Render thread/DEBUG] [net.minecraftforge.registries.ForgeRegistry/REGISTRIES]: Registry minecraft:item: Fixed minecraft:item id mismatch thermal:cinnabar_block: 1310 (init) -> 1353 (map).
[20Nov2025 13:22:38.106] [Render thread/DEBUG] [net.minecraftforge.registries.ForgeRegistry/REGISTRIES]: Registry minecraft:item: Fixed minecraft:item id mismatch thermal:cinnabar_ore: 1263 (init) -> 1261 (map).
[20Nov2025 13:22:38.106] [Render thread/DEBUG] [net.minecraftforge.registries.ForgeRegistry/REGISTRIES]: Registry minecraft:item: Fixed minecraft:item id mismatch thermal:coal_coke_block: 1321 (init) -> 1358 (map).
[20Nov2025 13:22:38.106] [Render thread/DEBUG] [net.minecraftforge.registries.ForgeRegistry/REGISTRIES]: Registry minecraft:item: Fixed minecraft:item id mismatch thermal:constantan_block: 1356 (init) -> 1324 (map).
[20Nov2025 13:22:38.106] [Render thread/DEBUG] [net.minecraftforge.registries.ForgeRegistry/REGISTRIES]: Registry minecraft:item: Fixed minecraft:item id mismatch thermal:constantan_coin: 1457 (init) -> 1444 (map).
[20Nov2025 13:22:38.106] [Render thread/DEBUG] [net.minecraftforge.registries.ForgeRegistry/REGISTRIES]: Registry minecraft:item: Fixed minecraft:item id mismatch thermal:constantan_dust: 1454 (init) -> 1441 (map).
[20Nov2025 13:22:38.106] [Render thread/DEBUG] [net.minecraftforge.registries.ForgeRegistry/REGISTRIES]: Registry minecraft:item: Fixed minecraft:item id mismatch thermal:constantan_gear: 1455 (init) -> 1442 (map).
[20Nov2025 13:22:38.106] [Render thread/DEBUG] [net.minecraftforge.registries.ForgeRegistry/REGISTRIES]: Registry minecraft:item: Fixed minecraft:item id mismatch thermal:constantan_ingot: 1452 (init) -> 1439 (map).
[20Nov2025 13:22:38.106] [Render thread/DEBUG] [net.minecraftforge.registries.ForgeRegistry/REGISTRIES]: Registry minecraft:item: Fixed minecraft:item id mismatch thermal:constantan_nugget: 1453 (init) -> 1440 (map).
[20Nov2025 13:22:38.106] [Render thread/DEBUG] [net.minecraftforge.registries.ForgeRegistry/REGISTRIES]: Registry minecraft:item: Fixed minecraft:item id mismatch thermal:constantan_plate: 1456 (init) -> 1443 (map).
[20Nov2025 13:22:38.106] [Render thread/DEBUG] [net.minecraftforge.registries.ForgeRegistry/REGISTRIES]: Registry minecraft:item: Fixed minecraft:item id mismatch thermal:cracked_rich_slag_bricks: 1393 (init) -> 1467 (map).
[20Nov2025 13:22:38.106] [Render thread/DEBUG] [net.minecraftforge.registries.ForgeRegistry/REGISTRIES]: Registry minecraft:item: Fixed minecraft:item id mismatch thermal:cracked_slag_bricks: 1384 (init) -> 1461 (map).
[20Nov2025 13:22:38.107] [Render thread/DEBUG] [net.minecraftforge.registries.ForgeRegistry/REGISTRIES]: Registry minecraft:item: Fixed minecraft:item id mismatch thermal:cured_rubber_block: 1332 (init) -> 1366 (map).
[20Nov2025 13:22:38.107] [Render thread/DEBUG] [net.minecraftforge.registries.ForgeRegistry/REGISTRIES]: Registry minecraft:item: Fixed minecraft:item id mismatch thermal:cyan_rockwool: 1371 (init) -> 1397 (map).
[20Nov2025 13:22:38.107] [Render thread/DEBUG] [net.minecraftforge.registries.ForgeRegistry/REGISTRIES]: Registry minecraft:item: Fixed minecraft:item id mismatch thermal:deepslate_apatite_ore: 1260 (init) -> 1259 (map).
[20Nov2025 13:22:38.107] [Render thread/DEBUG] [net.minecraftforge.registries.ForgeRegistry/REGISTRIES]: Registry minecraft:item: Fixed minecraft:item id mismatch thermal:deepslate_cinnabar_ore: 1267 (init) -> 1264 (map).
[20Nov2025 13:22:38.107] [Render thread/DEBUG] [net.minecraftforge.registries.ForgeRegistry/REGISTRIES]: Registry minecraft:item: Fixed minecraft:item id mismatch thermal:deepslate_lead_ore: 1296 (init) -> 1277 (map).
[20Nov2025 13:22:38.107] [Render thread/DEBUG] [net.minecraftforge.registries.ForgeRegistry/REGISTRIES]: Registry minecraft:item: Fixed minecraft:item id mismatch thermal:deepslate_nickel_ore: 1307 (init) -> 1284 (map).
[20Nov2025 13:22:38.107] [Render thread/DEBUG] [net.minecraftforge.registries.ForgeRegistry/REGISTRIES]: Registry minecraft:item: Fixed minecraft:item id mismatch thermal:deepslate_niter_ore: 1274 (init) -> 1268 (map).
[20Nov2025 13:22:38.107] [Render thread/DEBUG] [net.minecraftforge.registries.ForgeRegistry/REGISTRIES]: Registry minecraft:item: Fixed minecraft:item id mismatch thermal:deepslate_ruby_ore: 1314 (init) -> 1288 (map).
[20Nov2025 13:22:38.107] [Render thread/DEBUG] [net.minecraftforge.registries.ForgeRegistry/REGISTRIES]: Registry minecraft:item: Fixed minecraft:item id mismatch thermal:deepslate_sapphire_ore: 1323 (init) -> 1292 (map).
[20Nov2025 13:22:38.107] [Render thread/DEBUG] [net.minecraftforge.registries.ForgeRegistry/REGISTRIES]: Registry minecraft:item: Fixed minecraft:item id mismatch thermal:deepslate_silver_ore: 1301 (init) -> 1281 (map).
[20Nov2025 13:22:38.107] [Render thread/DEBUG] [net.minecraftforge.registries.ForgeRegistry/REGISTRIES]: Registry minecraft:item: Fixed minecraft:item id mismatch thermal:deepslate_sulfur_ore: 1279 (init) -> 1272 (map).
[20Nov2025 13:22:38.107] [Render thread/DEBUG] [net.minecraftforge.registries.ForgeRegistry/REGISTRIES]: Registry minecraft:item: Fixed minecraft:item id mismatch thermal:deepslate_tin_ore: 1291 (init) -> 1275 (map).
[20Nov2025 13:22:38.107] [Render thread/DEBUG] [net.minecraftforge.registries.ForgeRegistry/REGISTRIES]: Registry minecraft:item: Fixed minecraft:item id mismatch thermal:dynamo_compression: 1313 (init) -> 1314 (map).
[20Nov2025 13:22:38.107] [Render thread/DEBUG] [net.minecraftforge.registries.ForgeRegistry/REGISTRIES]: Registry minecraft:item: Fixed minecraft:item id mismatch thermal:dynamo_gourmand: 1324 (init) -> 1325 (map).
[20Nov2025 13:22:38.107] [Render thread/DEBUG] [net.minecraftforge.registries.ForgeRegistry/REGISTRIES]: Registry minecraft:item: Fixed minecraft:item id mismatch thermal:dynamo_stirling: 1311 (init) -> 1312 (map).
[20Nov2025 13:22:38.108] [Render thread/DEBUG] [net.minecraftforge.registries.ForgeRegistry/REGISTRIES]: Registry minecraft:item: Fixed minecraft:item id mismatch thermal:electrum_block: 1350 (init) -> 1321 (map).
[20Nov2025 13:22:38.108] [Render thread/DEBUG] [net.minecraftforge.registries.ForgeRegistry/REGISTRIES]: Registry minecraft:item: Fixed minecraft:item id mismatch thermal:electrum_coin: 1445 (init) -> 1432 (map).
[20Nov2025 13:22:38.108] [Render thread/DEBUG] [net.minecraftforge.registries.ForgeRegistry/REGISTRIES]: Registry minecraft:item: Fixed minecraft:item id mismatch thermal:electrum_dust: 1442 (init) -> 1429 (map).
[20Nov2025 13:22:38.108] [Render thread/DEBUG] [net.minecraftforge.registries.ForgeRegistry/REGISTRIES]: Registry minecraft:item: Fixed minecraft:item id mismatch thermal:electrum_gear: 1443 (init) -> 1430 (map).
[20Nov2025 13:22:38.108] [Render thread/DEBUG] [net.minecraftforge.registries.ForgeRegistry/REGISTRIES]: Registry minecraft:item: Fixed minecraft:item id mismatch thermal:electrum_ingot: 1440 (init) -> 1427 (map).
[20Nov2025 13:22:38.108] [Render thread/DEBUG] [net.minecraftforge.registries.ForgeRegistry/REGISTRIES]: Registry minecraft:item: Fixed minecraft:item id mismatch thermal:electrum_nugget: 1441 (init) -> 1428 (map).
[20Nov2025 13:22:38.108] [Render thread/DEBUG] [net.minecraftforge.registries.ForgeRegistry/REGISTRIES]: Registry minecraft:item: Fixed minecraft:item id mismatch thermal:electrum_plate: 1444 (init) -> 1431 (map).
[20Nov2025 13:22:38.108] [Render thread/DEBUG] [net.minecraftforge.registries.ForgeRegistry/REGISTRIES]: Registry minecraft:item: Fixed minecraft:item id mismatch thermal:enderium_block: 1341 (init) -> 1374 (map).
[20Nov2025 13:22:38.108] [Render thread/DEBUG] [net.minecraftforge.registries.ForgeRegistry/REGISTRIES]: Registry minecraft:item: Fixed minecraft:item id mismatch thermal:enderium_glass: 1354 (init) -> 1381 (map).
[20Nov2025 13:22:38.108] [Render thread/DEBUG] [net.minecraftforge.registries.ForgeRegistry/REGISTRIES]: Registry minecraft:item: Fixed minecraft:item id mismatch thermal:energy_cell_frame: 1345 (init) -> 1376 (map).
[20Nov2025 13:22:38.108] [Render thread/DEBUG] [net.minecraftforge.registries.ForgeRegistry/REGISTRIES]: Registry minecraft:item: Fixed minecraft:item id mismatch thermal:energy_limiter_attachment: 1280 (init) -> 1301 (map).
[20Nov2025 13:22:38.109] [Render thread/DEBUG] [net.minecraftforge.registries.ForgeRegistry/REGISTRIES]: Registry minecraft:item: Fixed minecraft:item id mismatch thermal:filter_attachment: 1284 (init) -> 1304 (map).
[20Nov2025 13:22:38.109] [Render thread/DEBUG] [net.minecraftforge.registries.ForgeRegistry/REGISTRIES]: Registry minecraft:item: Fixed minecraft:item id mismatch thermal:fluid_cell_frame: 1347 (init) -> 1377 (map).
[20Nov2025 13:22:38.109] [Render thread/DEBUG] [net.minecraftforge.registries.ForgeRegistry/REGISTRIES]: Registry minecraft:item: Fixed minecraft:item id mismatch thermal:fluid_duct: 1261 (init) -> 1260 (map).
[20Nov2025 13:22:38.109] [Render thread/DEBUG] [net.minecraftforge.registries.ForgeRegistry/REGISTRIES]: Registry minecraft:item: Fixed minecraft:item id mismatch thermal:fluid_duct_windowed: 1266 (init) -> 1263 (map).
[20Nov2025 13:22:38.109] [Render thread/DEBUG] [net.minecraftforge.registries.ForgeRegistry/REGISTRIES]: Registry minecraft:item: Fixed minecraft:item id mismatch thermal:fluid_reservoir: 1272 (init) -> 1269 (map).
[20Nov2025 13:22:38.109] [Render thread/DEBUG] [net.minecraftforge.registries.ForgeRegistry/REGISTRIES]: Registry minecraft:item: Fixed minecraft:item id mismatch thermal:flux_capacitor: 1264 (init) -> 1262 (map).
[20Nov2025 13:22:38.109] [Render thread/DEBUG] [net.minecraftforge.registries.ForgeRegistry/REGISTRIES]: Registry minecraft:item: Fixed minecraft:item id mismatch thermal:flux_magnet: 1269 (init) -> 1265 (map).
[20Nov2025 13:22:38.109] [Render thread/DEBUG] [net.minecraftforge.registries.ForgeRegistry/REGISTRIES]: Registry minecraft:item: Fixed minecraft:item id mismatch thermal:gray_rockwool: 1368 (init) -> 1394 (map).
[20Nov2025 13:22:38.109] [Render thread/DEBUG] [net.minecraftforge.registries.ForgeRegistry/REGISTRIES]: Registry minecraft:item: Fixed minecraft:item id mismatch thermal:green_rockwool: 1377 (init) -> 1448 (map).
[20Nov2025 13:22:38.109] [Render thread/DEBUG] [net.minecraftforge.registries.ForgeRegistry/REGISTRIES]: Registry minecraft:item: Fixed minecraft:item id mismatch thermal:gunpowder_block: 1287 (init) -> 1341 (map).
[20Nov2025 13:22:38.109] [Render thread/DEBUG] [net.minecraftforge.registries.ForgeRegistry/REGISTRIES]: Registry minecraft:item: Fixed minecraft:item id mismatch thermal:invar_block: 1353 (init) -> 1323 (map).
[20Nov2025 13:22:38.109] [Render thread/DEBUG] [net.minecraftforge.registries.ForgeRegistry/REGISTRIES]: Registry minecraft:item: Fixed minecraft:item id mismatch thermal:invar_coin: 1451 (init) -> 1438 (map).
[20Nov2025 13:22:38.109] [Render thread/DEBUG] [net.minecraftforge.registries.ForgeRegistry/REGISTRIES]: Registry minecraft:item: Fixed minecraft:item id mismatch thermal:invar_dust: 1448 (init) -> 1435 (map).
[20Nov2025 13:22:38.109] [Render thread/DEBUG] [net.minecraftforge.registries.ForgeRegistry/REGISTRIES]: Registry minecraft:item: Fixed minecraft:item id mismatch thermal:invar_gear: 1449 (init) -> 1436 (map).
[20Nov2025 13:22:38.109] [Render thread/DEBUG] [net.minecraftforge.registries.ForgeRegistry/REGISTRIES]: Registry minecraft:item: Fixed minecraft:item id mismatch thermal:invar_ingot: 1446 (init) -> 1433 (map).
[20Nov2025 13:22:38.109] [Render thread/DEBUG] [net.minecraftforge.registries.ForgeRegistry/REGISTRIES]: Registry minecraft:item: Fixed minecraft:item id mismatch thermal:invar_nugget: 1447 (init) -> 1434 (map).
[20Nov2025 13:22:38.109] [Render thread/DEBUG] [net.minecraftforge.registries.ForgeRegistry/REGISTRIES]: Registry minecraft:item: Fixed minecraft:item id mismatch thermal:invar_plate: 1450 (init) -> 1437 (map).
[20Nov2025 13:22:38.109] [Render thread/DEBUG] [net.minecraftforge.registries.ForgeRegistry/REGISTRIES]: Registry minecraft:item: Fixed minecraft:item id mismatch thermal:item_buffer: 1273 (init) -> 1267 (map).
[20Nov2025 13:22:38.110] [Render thread/DEBUG] [net.minecraftforge.registries.ForgeRegistry/REGISTRIES]: Registry minecraft:item: Fixed minecraft:item id mismatch thermal:lead_block: 1342 (init) -> 1313 (map).
[20Nov2025 13:22:38.110] [Render thread/DEBUG] [net.minecraftforge.registries.ForgeRegistry/REGISTRIES]: Registry minecraft:item: Fixed minecraft:item id mismatch thermal:lead_coin: 1419 (init) -> 1406 (map).
[20Nov2025 13:22:38.110] [Render thread/DEBUG] [net.minecraftforge.registries.ForgeRegistry/REGISTRIES]: Registry minecraft:item: Fixed minecraft:item id mismatch thermal:lead_dust: 1416 (init) -> 1403 (map).
[20Nov2025 13:22:38.110] [Render thread/DEBUG] [net.minecraftforge.registries.ForgeRegistry/REGISTRIES]: Registry minecraft:item: Fixed minecraft:item id mismatch thermal:lead_gear: 1417 (init) -> 1404 (map).
[20Nov2025 13:22:38.110] [Render thread/DEBUG] [net.minecraftforge.registries.ForgeRegistry/REGISTRIES]: Registry minecraft:item: Fixed minecraft:item id mismatch thermal:lead_ingot: 1414 (init) -> 1401 (map).
[20Nov2025 13:22:38.110] [Render thread/DEBUG] [net.minecraftforge.registries.ForgeRegistry/REGISTRIES]: Registry minecraft:item: Fixed minecraft:item id mismatch thermal:lead_nugget: 1415 (init) -> 1402 (map).
[20Nov2025 13:22:38.110] [Render thread/DEBUG] [net.minecraftforge.registries.ForgeRegistry/REGISTRIES]: Registry minecraft:item: Fixed minecraft:item id mismatch thermal:lead_ore: 1292 (init) -> 1276 (map).
[20Nov2025 13:22:38.110] [Render thread/DEBUG] [net.minecraftforge.registries.ForgeRegistry/REGISTRIES]: Registry minecraft:item: Fixed minecraft:item id mismatch thermal:lead_plate: 1418 (init) -> 1405 (map).
[20Nov2025 13:22:38.110] [Render thread/DEBUG] [net.minecraftforge.registries.ForgeRegistry/REGISTRIES]: Registry minecraft:item: Fixed minecraft:item id mismatch thermal:light_blue_rockwool: 1362 (init) -> 1387 (map).
[20Nov2025 13:22:38.110] [Render thread/DEBUG] [net.minecraftforge.registries.ForgeRegistry/REGISTRIES]: Registry minecraft:item: Fixed minecraft:item id mismatch thermal:light_gray_rockwool: 1370 (init) -> 1395 (map).
[20Nov2025 13:22:38.110] [Render thread/DEBUG] [net.minecraftforge.registries.ForgeRegistry/REGISTRIES]: Registry minecraft:item: Fixed minecraft:item id mismatch thermal:lime_rockwool: 1365 (init) -> 1391 (map).
[20Nov2025 13:22:38.110] [Render thread/DEBUG] [net.minecraftforge.registries.ForgeRegistry/REGISTRIES]: Registry minecraft:item: Fixed minecraft:item id mismatch thermal:lumium_block: 1338 (init) -> 1372 (map).
[20Nov2025 13:22:38.110] [Render thread/DEBUG] [net.minecraftforge.registries.ForgeRegistry/REGISTRIES]: Registry minecraft:item: Fixed minecraft:item id mismatch thermal:lumium_glass: 1352 (init) -> 1380 (map).
[20Nov2025 13:22:38.110] [Render thread/DEBUG] [net.minecraftforge.registries.ForgeRegistry/REGISTRIES]: Registry minecraft:item: Fixed minecraft:item id mismatch thermal:machine_bottler: 1297 (init) -> 1299 (map).
[20Nov2025 13:22:38.110] [Render thread/DEBUG] [net.minecraftforge.registries.ForgeRegistry/REGISTRIES]: Registry minecraft:item: Fixed minecraft:item id mismatch thermal:machine_brewer: 1300 (init) -> 1302 (map).
[20Nov2025 13:22:38.110] [Render thread/DEBUG] [net.minecraftforge.registries.ForgeRegistry/REGISTRIES]: Registry minecraft:item: Fixed minecraft:item id mismatch thermal:machine_centrifuge: 1275 (init) -> 1289 (map).
[20Nov2025 13:22:38.110] [Render thread/DEBUG] [net.minecraftforge.registries.ForgeRegistry/REGISTRIES]: Registry minecraft:item: Fixed minecraft:item id mismatch thermal:machine_chiller: 1285 (init) -> 1294 (map).
[20Nov2025 13:22:38.110] [Render thread/DEBUG] [net.minecraftforge.registries.ForgeRegistry/REGISTRIES]: Registry minecraft:item: Fixed minecraft:item id mismatch thermal:machine_crafter: 1306 (init) -> 1308 (map).
[20Nov2025 13:22:38.111] [Render thread/DEBUG] [net.minecraftforge.registries.ForgeRegistry/REGISTRIES]: Registry minecraft:item: Fixed minecraft:item id mismatch thermal:machine_crucible: 1282 (init) -> 1293 (map).
[20Nov2025 13:22:38.111] [Render thread/DEBUG] [net.minecraftforge.registries.ForgeRegistry/REGISTRIES]: Registry minecraft:item: Fixed minecraft:item id mismatch thermal:machine_crystallizer: 1304 (init) -> 1305 (map).
[20Nov2025 13:22:38.111] [Render thread/DEBUG] [net.minecraftforge.registries.ForgeRegistry/REGISTRIES]: Registry minecraft:item: Fixed minecraft:item id mismatch thermal:machine_frame: 1343 (init) -> 1375 (map).
[20Nov2025 13:22:38.111] [Render thread/DEBUG] [net.minecraftforge.registries.ForgeRegistry/REGISTRIES]: Registry minecraft:item: Fixed minecraft:item id mismatch thermal:machine_furnace: 1259 (init) -> 1278 (map).
[20Nov2025 13:22:38.111] [Render thread/DEBUG] [net.minecraftforge.registries.ForgeRegistry/REGISTRIES]: Registry minecraft:item: Fixed minecraft:item id mismatch thermal:machine_insolator: 1271 (init) -> 1287 (map).
[20Nov2025 13:22:38.111] [Render thread/DEBUG] [net.minecraftforge.registries.ForgeRegistry/REGISTRIES]: Registry minecraft:item: Fixed minecraft:item id mismatch thermal:machine_press: 1278 (init) -> 1291 (map).
[20Nov2025 13:22:38.111] [Render thread/DEBUG] [net.minecraftforge.registries.ForgeRegistry/REGISTRIES]: Registry minecraft:item: Fixed minecraft:item id mismatch thermal:machine_pulverizer: 1265 (init) -> 1283 (map).
[20Nov2025 13:22:38.111] [Render thread/DEBUG] [net.minecraftforge.registries.ForgeRegistry/REGISTRIES]: Registry minecraft:item: Fixed minecraft:item id mismatch thermal:machine_pyrolyzer: 1294 (init) -> 1297 (map).
[20Nov2025 13:22:38.111] [Render thread/DEBUG] [net.minecraftforge.registries.ForgeRegistry/REGISTRIES]: Registry minecraft:item: Fixed minecraft:item id mismatch thermal:machine_refinery: 1289 (init) -> 1296 (map).
[20Nov2025 13:22:38.111] [Render thread/DEBUG] [net.minecraftforge.registries.ForgeRegistry/REGISTRIES]: Registry minecraft:item: Fixed minecraft:item id mismatch thermal:machine_sawmill: 1262 (init) -> 1280 (map).
[20Nov2025 13:22:38.111] [Render thread/DEBUG] [net.minecraftforge.registries.ForgeRegistry/REGISTRIES]: Registry minecraft:item: Fixed minecraft:item id mismatch thermal:machine_smelter: 1268 (init) -> 1285 (map).
[20Nov2025 13:22:38.111] [Render thread/DEBUG] [net.minecraftforge.registries.ForgeRegistry/REGISTRIES]: Registry minecraft:item: Fixed minecraft:item id mismatch thermal:magenta_rockwool: 1359 (init) -> 1386 (map).
[20Nov2025 13:22:38.111] [Render thread/DEBUG] [net.minecraftforge.registries.ForgeRegistry/REGISTRIES]: Registry minecraft:item: Fixed minecraft:item id mismatch thermal:nickel_block: 1346 (init) -> 1317 (map).
[20Nov2025 13:22:38.111] [Render thread/DEBUG] [net.minecraftforge.registries.ForgeRegistry/REGISTRIES]: Registry minecraft:item: Fixed minecraft:item id mismatch thermal:nickel_coin: 1433 (init) -> 1420 (map).
[20Nov2025 13:22:38.111] [Render thread/DEBUG] [net.minecraftforge.registries.ForgeRegistry/REGISTRIES]: Registry minecraft:item: Fixed minecraft:item id mismatch thermal:nickel_dust: 1430 (init) -> 1417 (map).
[20Nov2025 13:22:38.111] [Render thread/DEBUG] [net.minecraftforge.registries.ForgeRegistry/REGISTRIES]: Registry minecraft:item: Fixed minecraft:item id mismatch thermal:nickel_gear: 1431 (init) -> 1418 (map).
[20Nov2025 13:22:38.111] [Render thread/DEBUG] [net.minecraftforge.registries.ForgeRegistry/REGISTRIES]: Registry minecraft:item: Fixed minecraft:item id mismatch thermal:nickel_ingot: 1428 (init) -> 1415 (map).
[20Nov2025 13:22:38.111] [Render thread/DEBUG] [net.minecraftforge.registries.ForgeRegistry/REGISTRIES]: Registry minecraft:item: Fixed minecraft:item id mismatch thermal:nickel_nugget: 1429 (init) -> 1416 (map).
[20Nov2025 13:22:38.111] [Render thread/DEBUG] [net.minecraftforge.registries.ForgeRegistry/REGISTRIES]: Registry minecraft:item: Fixed minecraft:item id mismatch thermal:nickel_ore: 1303 (init) -> 1282 (map).
[20Nov2025 13:22:38.111] [Render thread/DEBUG] [net.minecraftforge.registries.ForgeRegistry/REGISTRIES]: Registry minecraft:item: Fixed minecraft:item id mismatch thermal:nickel_plate: 1432 (init) -> 1419 (map).
[20Nov2025 13:22:38.111] [Render thread/DEBUG] [net.minecraftforge.registries.ForgeRegistry/REGISTRIES]: Registry minecraft:item: Fixed minecraft:item id mismatch thermal:niter_block: 1312 (init) -> 1354 (map).
[20Nov2025 13:22:38.111] [Render thread/DEBUG] [net.minecraftforge.registries.ForgeRegistry/REGISTRIES]: Registry minecraft:item: Fixed minecraft:item id mismatch thermal:niter_ore: 1270 (init) -> 1266 (map).
[20Nov2025 13:22:38.111] [Render thread/DEBUG] [net.minecraftforge.registries.ForgeRegistry/REGISTRIES]: Registry minecraft:item: Fixed minecraft:item id mismatch thermal:obsidian_glass: 1349 (init) -> 1378 (map).
[20Nov2025 13:22:38.111] [Render thread/DEBUG] [net.minecraftforge.registries.ForgeRegistry/REGISTRIES]: Registry minecraft:item: Fixed minecraft:item id mismatch thermal:oil_red_sand: 1328 (init) -> 1298 (map).
[20Nov2025 13:22:38.111] [Render thread/DEBUG] [net.minecraftforge.registries.ForgeRegistry/REGISTRIES]: Registry minecraft:item: Fixed minecraft:item id mismatch thermal:oil_sand: 1326 (init) -> 1295 (map).
[20Nov2025 13:22:38.111] [Render thread/DEBUG] [net.minecraftforge.registries.ForgeRegistry/REGISTRIES]: Registry minecraft:item: Fixed minecraft:item id mismatch thermal:orange_rockwool: 1358 (init) -> 1384 (map).
[20Nov2025 13:22:38.111] [Render thread/DEBUG] [net.minecraftforge.registries.ForgeRegistry/REGISTRIES]: Registry minecraft:item: Fixed minecraft:item id mismatch thermal:pink_rockwool: 1367 (init) -> 1392 (map).
[20Nov2025 13:22:38.111] [Render thread/DEBUG] [net.minecraftforge.registries.ForgeRegistry/REGISTRIES]: Registry minecraft:item: Fixed minecraft:item id mismatch thermal:polished_rich_slag: 1387 (init) -> 1463 (map).
[20Nov2025 13:22:38.111] [Render thread/DEBUG] [net.minecraftforge.registries.ForgeRegistry/REGISTRIES]: Registry minecraft:item: Fixed minecraft:item id mismatch thermal:polished_slag: 1380 (init) -> 1452 (map).
[20Nov2025 13:22:38.111] [Render thread/DEBUG] [net.minecraftforge.registries.ForgeRegistry/REGISTRIES]: Registry minecraft:item: Fixed minecraft:item id mismatch thermal:potato_block: 1302 (init) -> 1348 (map).
[20Nov2025 13:22:38.111] [Render thread/DEBUG] [net.minecraftforge.registries.ForgeRegistry/REGISTRIES]: Registry minecraft:item: Fixed minecraft:item id mismatch thermal:potion_infuser: 1277 (init) -> 1271 (map).
[20Nov2025 13:22:38.112] [Render thread/DEBUG] [net.minecraftforge.registries.ForgeRegistry/REGISTRIES]: Registry minecraft:item: Fixed minecraft:item id mismatch thermal:potion_quiver: 1281 (init) -> 1273 (map).
[20Nov2025 13:22:38.112] [Render thread/DEBUG] [net.minecraftforge.registries.ForgeRegistry/REGISTRIES]: Registry minecraft:item: Fixed minecraft:item id mismatch thermal:press_coin_die: 1388 (init) -> 1331 (map).
[20Nov2025 13:22:38.112] [Render thread/DEBUG] [net.minecraftforge.registries.ForgeRegistry/REGISTRIES]: Registry minecraft:item: Fixed minecraft:item id mismatch thermal:press_gear_die: 1390 (init) -> 1333 (map).
[20Nov2025 13:22:38.112] [Render thread/DEBUG] [net.minecraftforge.registries.ForgeRegistry/REGISTRIES]: Registry minecraft:item: Fixed minecraft:item id mismatch thermal:press_packing_2x2_die: 1392 (init) -> 1335 (map).
[20Nov2025 13:22:38.112] [Render thread/DEBUG] [net.minecraftforge.registries.ForgeRegistry/REGISTRIES]: Registry minecraft:item: Fixed minecraft:item id mismatch thermal:press_packing_3x3_die: 1394 (init) -> 1337 (map).
[20Nov2025 13:22:38.112] [Render thread/DEBUG] [net.minecraftforge.registries.ForgeRegistry/REGISTRIES]: Registry minecraft:item: Fixed minecraft:item id mismatch thermal:press_unpacking_die: 1396 (init) -> 1340 (map).
[20Nov2025 13:22:38.112] [Render thread/DEBUG] [net.minecraftforge.registries.ForgeRegistry/REGISTRIES]: Registry minecraft:item: Fixed minecraft:item id mismatch thermal:purple_rockwool: 1373 (init) -> 1398 (map).
[20Nov2025 13:22:38.112] [Render thread/DEBUG] [net.minecraftforge.registries.ForgeRegistry/REGISTRIES]: Registry minecraft:item: Fixed minecraft:item id mismatch thermal:raw_lead: 1413 (init) -> 1400 (map).
[20Nov2025 13:22:38.112] [Render thread/DEBUG] [net.minecraftforge.registries.ForgeRegistry/REGISTRIES]: Registry minecraft:item: Fixed minecraft:item id mismatch thermal:raw_lead_block: 1333 (init) -> 1303 (map).
[20Nov2025 13:22:38.112] [Render thread/DEBUG] [net.minecraftforge.registries.ForgeRegistry/REGISTRIES]: Registry minecraft:item: Fixed minecraft:item id mismatch thermal:raw_nickel: 1427 (init) -> 1414 (map).
[20Nov2025 13:22:38.112] [Render thread/DEBUG] [net.minecraftforge.registries.ForgeRegistry/REGISTRIES]: Registry minecraft:item: Fixed minecraft:item id mismatch thermal:raw_nickel_block: 1339 (init) -> 1309 (map).
[20Nov2025 13:22:38.112] [Render thread/DEBUG] [net.minecraftforge.registries.ForgeRegistry/REGISTRIES]: Registry minecraft:item: Fixed minecraft:item id mismatch thermal:raw_silver: 1420 (init) -> 1407 (map).
[20Nov2025 13:22:38.112] [Render thread/DEBUG] [net.minecraftforge.registries.ForgeRegistry/REGISTRIES]: Registry minecraft:item: Fixed minecraft:item id mismatch thermal:raw_silver_block: 1335 (init) -> 1306 (map).
[20Nov2025 13:22:38.112] [Render thread/DEBUG] [net.minecraftforge.registries.ForgeRegistry/REGISTRIES]: Registry minecraft:item: Fixed minecraft:item id mismatch thermal:raw_tin: 1406 (init) -> 1382 (map).
[20Nov2025 13:22:38.112] [Render thread/DEBUG] [net.minecraftforge.registries.ForgeRegistry/REGISTRIES]: Registry minecraft:item: Fixed minecraft:item id mismatch thermal:raw_tin_block: 1330 (init) -> 1300 (map).
[20Nov2025 13:22:38.112] [Render thread/DEBUG] [net.minecraftforge.registries.ForgeRegistry/REGISTRIES]: Registry minecraft:item: Fixed minecraft:item id mismatch thermal:red_rockwool: 1378 (init) -> 1449 (map).
[20Nov2025 13:22:38.112] [Render thread/DEBUG] [net.minecraftforge.registries.ForgeRegistry/REGISTRIES]: Registry minecraft:item: Fixed minecraft:item id mismatch thermal:rich_slag_block: 1336 (init) -> 1369 (map).
[20Nov2025 13:22:38.112] [Render thread/DEBUG] [net.minecraftforge.registries.ForgeRegistry/REGISTRIES]: Registry minecraft:item: Fixed minecraft:item id mismatch thermal:rich_slag_bricks: 1391 (init) -> 1466 (map).
[20Nov2025 13:22:38.112] [Render thread/DEBUG] [net.minecraftforge.registries.ForgeRegistry/REGISTRIES]: Registry minecraft:item: Fixed minecraft:item id mismatch thermal:rosin_block: 1329 (init) -> 1363 (map).
[20Nov2025 13:22:38.112] [Render thread/DEBUG] [net.minecraftforge.registries.ForgeRegistry/REGISTRIES]: Registry minecraft:item: Fixed minecraft:item id mismatch thermal:rubber_block: 1331 (init) -> 1365 (map).
[20Nov2025 13:22:38.112] [Render thread/DEBUG] [net.minecraftforge.registries.ForgeRegistry/REGISTRIES]: Registry minecraft:item: Fixed minecraft:item id mismatch thermal:rubberwood_boat: 1464 (init) -> 1458 (map).
[20Nov2025 13:22:38.112] [Render thread/DEBUG] [net.minecraftforge.registries.ForgeRegistry/REGISTRIES]: Registry minecraft:item: Fixed minecraft:item id mismatch thermal:rubberwood_button: 1402 (init) -> 1364 (map).
[20Nov2025 13:22:38.114] [Render thread/DEBUG] [net.minecraftforge.registries.ForgeRegistry/REGISTRIES]: Registry minecraft:item: Fixed minecraft:item id mismatch thermal:rubberwood_chest_boat: 1465 (init) -> 1460 (map).
[20Nov2025 13:22:38.114] [Render thread/DEBUG] [net.minecraftforge.registries.ForgeRegistry/REGISTRIES]: Registry minecraft:item: Fixed minecraft:item id mismatch thermal:rubberwood_door: 1400 (init) -> 1360 (map).
[20Nov2025 13:22:38.114] [Render thread/DEBUG] [net.minecraftforge.registries.ForgeRegistry/REGISTRIES]: Registry minecraft:item: Fixed minecraft:item id mismatch thermal:rubberwood_fence: 1404 (init) -> 1370 (map).
[20Nov2025 13:22:38.114] [Render thread/DEBUG] [net.minecraftforge.registries.ForgeRegistry/REGISTRIES]: Registry minecraft:item: Fixed minecraft:item id mismatch thermal:rubberwood_fence_gate: 1405 (init) -> 1373 (map).
[20Nov2025 13:22:38.114] [Render thread/DEBUG] [net.minecraftforge.registries.ForgeRegistry/REGISTRIES]: Registry minecraft:item: Fixed minecraft:item id mismatch thermal:rubberwood_hanging_sign: 1467 (init) -> 1464 (map).
[20Nov2025 13:22:38.114] [Render thread/DEBUG] [net.minecraftforge.registries.ForgeRegistry/REGISTRIES]: Registry minecraft:item: Fixed minecraft:item id mismatch thermal:rubberwood_leaves: 1376 (init) -> 1338 (map).
[20Nov2025 13:22:38.114] [Render thread/DEBUG] [net.minecraftforge.registries.ForgeRegistry/REGISTRIES]: Registry minecraft:item: Fixed minecraft:item id mismatch thermal:rubberwood_log: 1361 (init) -> 1328 (map).
[20Nov2025 13:22:38.114] [Render thread/DEBUG] [net.minecraftforge.registries.ForgeRegistry/REGISTRIES]: Registry minecraft:item: Fixed minecraft:item id mismatch thermal:rubberwood_planks: 1383 (init) -> 1349 (map).
[20Nov2025 13:22:38.114] [Render thread/DEBUG] [net.minecraftforge.registries.ForgeRegistry/REGISTRIES]: Registry minecraft:item: Fixed minecraft:item id mismatch thermal:rubberwood_pressure_plate: 1403 (init) -> 1367 (map).
[20Nov2025 13:22:38.114] [Render thread/DEBUG] [net.minecraftforge.registries.ForgeRegistry/REGISTRIES]: Registry minecraft:item: Fixed minecraft:item id mismatch thermal:rubberwood_sapling: 1372 (init) -> 1336 (map).
[20Nov2025 13:22:38.114] [Render thread/DEBUG] [net.minecraftforge.registries.ForgeRegistry/REGISTRIES]: Registry minecraft:item: Fixed minecraft:item id mismatch thermal:rubberwood_sign: 1466 (init) -> 1462 (map).
[20Nov2025 13:22:38.114] [Render thread/DEBUG] [net.minecraftforge.registries.ForgeRegistry/REGISTRIES]: Registry minecraft:item: Fixed minecraft:item id mismatch thermal:rubberwood_slab: 1385 (init) -> 1352 (map).
[20Nov2025 13:22:38.114] [Render thread/DEBUG] [net.minecraftforge.registries.ForgeRegistry/REGISTRIES]: Registry minecraft:item: Fixed minecraft:item id mismatch thermal:rubberwood_stairs: 1395 (init) -> 1357 (map).
[20Nov2025 13:22:38.114] [Render thread/DEBUG] [net.minecraftforge.registries.ForgeRegistry/REGISTRIES]: Registry minecraft:item: Fixed minecraft:item id mismatch thermal:rubberwood_trapdoor: 1401 (init) -> 1362 (map).
[20Nov2025 13:22:38.114] [Render thread/DEBUG] [net.minecraftforge.registries.ForgeRegistry/REGISTRIES]: Registry minecraft:item: Fixed minecraft:item id mismatch thermal:rubberwood_wood: 1366 (init) -> 1332 (map).
[20Nov2025 13:22:38.114] [Render thread/DEBUG] [net.minecraftforge.registries.ForgeRegistry/REGISTRIES]: Registry minecraft:item: Fixed minecraft:item id mismatch thermal:ruby: 1458 (init) -> 1447 (map).
[20Nov2025 13:22:38.114] [Render thread/DEBUG] [net.minecraftforge.registries.ForgeRegistry/REGISTRIES]: Registry minecraft:item: Fixed minecraft:item id mismatch thermal:ruby_block: 1357 (init) -> 1326 (map).
[20Nov2025 13:22:38.114] [Render thread/DEBUG] [net.minecraftforge.registries.ForgeRegistry/REGISTRIES]: Registry minecraft:item: Fixed minecraft:item id mismatch thermal:ruby_dust: 1459 (init) -> 1450 (map).
[20Nov2025 13:22:38.114] [Render thread/DEBUG] [net.minecraftforge.registries.ForgeRegistry/REGISTRIES]: Registry minecraft:item: Fixed minecraft:item id mismatch thermal:ruby_gear: 1460 (init) -> 1453 (map).
[20Nov2025 13:22:38.114] [Render thread/DEBUG] [net.minecraftforge.registries.ForgeRegistry/REGISTRIES]: Registry minecraft:item: Fixed minecraft:item id mismatch thermal:ruby_ore: 1309 (init) -> 1286 (map).
[20Nov2025 13:22:38.114] [Render thread/DEBUG] [net.minecraftforge.registries.ForgeRegistry/REGISTRIES]: Registry minecraft:item: Fixed minecraft:item id mismatch thermal:sapphire: 1461 (init) -> 1454 (map).
[20Nov2025 13:22:38.114] [Render thread/DEBUG] [net.minecraftforge.registries.ForgeRegistry/REGISTRIES]: Registry minecraft:item: Fixed minecraft:item id mismatch thermal:sapphire_block: 1360 (init) -> 1327 (map).
[20Nov2025 13:22:38.114] [Render thread/DEBUG] [net.minecraftforge.registries.ForgeRegistry/REGISTRIES]: Registry minecraft:item: Fixed minecraft:item id mismatch thermal:sapphire_dust: 1462 (init) -> 1455 (map).
[20Nov2025 13:22:38.114] [Render thread/DEBUG] [net.minecraftforge.registries.ForgeRegistry/REGISTRIES]: Registry minecraft:item: Fixed minecraft:item id mismatch thermal:sapphire_gear: 1463 (init) -> 1456 (map).
[20Nov2025 13:22:38.114] [Render thread/DEBUG] [net.minecraftforge.registries.ForgeRegistry/REGISTRIES]: Registry minecraft:item: Fixed minecraft:item id mismatch thermal:sapphire_ore: 1319 (init) -> 1290 (map).
[20Nov2025 13:22:38.114] [Render thread/DEBUG] [net.minecraftforge.registries.ForgeRegistry/REGISTRIES]: Registry minecraft:item: Fixed minecraft:item id mismatch thermal:sawdust_block: 1317 (init) -> 1356 (map).
[20Nov2025 13:22:38.114] [Render thread/DEBUG] [net.minecraftforge.registries.ForgeRegistry/REGISTRIES]: Registry minecraft:item: Fixed minecraft:item id mismatch thermal:servo_attachment: 1288 (init) -> 1307 (map).
[20Nov2025 13:22:38.114] [Render thread/DEBUG] [net.minecraftforge.registries.ForgeRegistry/REGISTRIES]: Registry minecraft:item: Fixed minecraft:item id mismatch thermal:signalum_block: 1337 (init) -> 1371 (map).
[20Nov2025 13:22:38.114] [Render thread/DEBUG] [net.minecraftforge.registries.ForgeRegistry/REGISTRIES]: Registry minecraft:item: Fixed minecraft:item id mismatch thermal:signalum_glass: 1351 (init) -> 1379 (map).
[20Nov2025 13:22:38.114] [Render thread/DEBUG] [net.minecraftforge.registries.ForgeRegistry/REGISTRIES]: Registry minecraft:item: Fixed minecraft:item id mismatch thermal:silver_block: 1344 (init) -> 1315 (map).
[20Nov2025 13:22:38.115] [Render thread/DEBUG] [net.minecraftforge.registries.ForgeRegistry/REGISTRIES]: Registry minecraft:item: Fixed minecraft:item id mismatch thermal:silver_coin: 1426 (init) -> 1413 (map).
[20Nov2025 13:22:38.115] [Render thread/DEBUG] [net.minecraftforge.registries.ForgeRegistry/REGISTRIES]: Registry minecraft:item: Fixed minecraft:item id mismatch thermal:silver_dust: 1423 (init) -> 1410 (map).
[20Nov2025 13:22:38.115] [Render thread/DEBUG] [net.minecraftforge.registries.ForgeRegistry/REGISTRIES]: Registry minecraft:item: Fixed minecraft:item id mismatch thermal:silver_gear: 1424 (init) -> 1411 (map).
[20Nov2025 13:22:38.115] [Render thread/DEBUG] [net.minecraftforge.registries.ForgeRegistry/REGISTRIES]: Registry minecraft:item: Fixed minecraft:item id mismatch thermal:silver_ingot: 1421 (init) -> 1408 (map).
[20Nov2025 13:22:38.115] [Render thread/DEBUG] [net.minecraftforge.registries.ForgeRegistry/REGISTRIES]: Registry minecraft:item: Fixed minecraft:item id mismatch thermal:silver_nugget: 1422 (init) -> 1409 (map).
[20Nov2025 13:22:38.115] [Render thread/DEBUG] [net.minecraftforge.registries.ForgeRegistry/REGISTRIES]: Registry minecraft:item: Fixed minecraft:item id mismatch thermal:silver_ore: 1299 (init) -> 1279 (map).
[20Nov2025 13:22:38.115] [Render thread/DEBUG] [net.minecraftforge.registries.ForgeRegistry/REGISTRIES]: Registry minecraft:item: Fixed minecraft:item id mismatch thermal:silver_plate: 1425 (init) -> 1412 (map).
[20Nov2025 13:22:38.115] [Render thread/DEBUG] [net.minecraftforge.registries.ForgeRegistry/REGISTRIES]: Registry minecraft:item: Fixed minecraft:item id mismatch thermal:slag_block: 1334 (init) -> 1368 (map).
[20Nov2025 13:22:38.115] [Render thread/DEBUG] [net.minecraftforge.registries.ForgeRegistry/REGISTRIES]: Registry minecraft:item: Fixed minecraft:item id mismatch thermal:slag_bricks: 1382 (init) -> 1459 (map).
[20Nov2025 13:22:38.115] [Render thread/DEBUG] [net.minecraftforge.registries.ForgeRegistry/REGISTRIES]: Registry minecraft:item: Fixed minecraft:item id mismatch thermal:slot_seal: 1386 (init) -> 1329 (map).
[20Nov2025 13:22:38.115] [Render thread/DEBUG] [net.minecraftforge.registries.ForgeRegistry/REGISTRIES]: Registry minecraft:item: Fixed minecraft:item id mismatch thermal:stripped_rubberwood_log: 1363 (init) -> 1330 (map).
[20Nov2025 13:22:38.115] [Render thread/DEBUG] [net.minecraftforge.registries.ForgeRegistry/REGISTRIES]: Registry minecraft:item: Fixed minecraft:item id mismatch thermal:stripped_rubberwood_wood: 1369 (init) -> 1334 (map).
[20Nov2025 13:22:38.115] [Render thread/DEBUG] [net.minecraftforge.registries.ForgeRegistry/REGISTRIES]: Registry minecraft:item: Fixed minecraft:item id mismatch thermal:sugar_cane_block: 1290 (init) -> 1343 (map).
[20Nov2025 13:22:38.115] [Render thread/DEBUG] [net.minecraftforge.registries.ForgeRegistry/REGISTRIES]: Registry minecraft:item: Fixed minecraft:item id mismatch thermal:sulfur_block: 1315 (init) -> 1355 (map).
[20Nov2025 13:22:38.115] [Render thread/DEBUG] [net.minecraftforge.registries.ForgeRegistry/REGISTRIES]: Registry minecraft:item: Fixed minecraft:item id mismatch thermal:sulfur_ore: 1276 (init) -> 1270 (map).
[20Nov2025 13:22:38.115] [Render thread/DEBUG] [net.minecraftforge.registries.ForgeRegistry/REGISTRIES]: Registry minecraft:item: Fixed minecraft:item id mismatch thermal:tar_block: 1327 (init) -> 1361 (map).
[20Nov2025 13:22:38.115] [Render thread/DEBUG] [net.minecraftforge.registries.ForgeRegistry/REGISTRIES]: Registry minecraft:item: Fixed minecraft:item id mismatch thermal:tin_block: 1340 (init) -> 1310 (map).
[20Nov2025 13:22:38.115] [Render thread/DEBUG] [net.minecraftforge.registries.ForgeRegistry/REGISTRIES]: Registry minecraft:item: Fixed minecraft:item id mismatch thermal:tin_coin: 1412 (init) -> 1399 (map).
[20Nov2025 13:22:38.115] [Render thread/DEBUG] [net.minecraftforge.registries.ForgeRegistry/REGISTRIES]: Registry minecraft:item: Fixed minecraft:item id mismatch thermal:tin_dust: 1409 (init) -> 1390 (map).
[20Nov2025 13:22:38.115] [Render thread/DEBUG] [net.minecraftforge.registries.ForgeRegistry/REGISTRIES]: Registry minecraft:item: Fixed minecraft:item id mismatch thermal:tin_gear: 1410 (init) -> 1393 (map).
[20Nov2025 13:22:38.115] [Render thread/DEBUG] [net.minecraftforge.registries.ForgeRegistry/REGISTRIES]: Registry minecraft:item: Fixed minecraft:item id mismatch thermal:tin_ingot: 1407 (init) -> 1385 (map).
[20Nov2025 13:22:38.115] [Render thread/DEBUG] [net.minecraftforge.registries.ForgeRegistry/REGISTRIES]: Registry minecraft:item: Fixed minecraft:item id mismatch thermal:tin_nugget: 1408 (init) -> 1388 (map).
[20Nov2025 13:22:38.115] [Render thread/DEBUG] [net.minecraftforge.registries.ForgeRegistry/REGISTRIES]: Registry minecraft:item: Fixed minecraft:item id mismatch thermal:tin_ore: 1286 (init) -> 1274 (map).
[20Nov2025 13:22:38.115] [Render thread/DEBUG] [net.minecraftforge.registries.ForgeRegistry/REGISTRIES]: Registry minecraft:item: Fixed minecraft:item id mismatch thermal:tin_plate: 1411 (init) -> 1396 (map).
[20Nov2025 13:22:38.115] [Render thread/DEBUG] [net.minecraftforge.registries.ForgeRegistry/REGISTRIES]: Registry minecraft:item: Fixed minecraft:item id mismatch thermal:turbo_servo_attachment: 1293 (init) -> 1311 (map).
[20Nov2025 13:22:38.115] [Render thread/DEBUG] [net.minecraftforge.registries.ForgeRegistry/REGISTRIES]: Registry minecraft:item: Fixed minecraft:item id mismatch thermal:white_rockwool: 1355 (init) -> 1383 (map).
[20Nov2025 13:22:38.115] [Render thread/DEBUG] [net.minecraftforge.registries.ForgeRegistry/REGISTRIES]: Registry minecraft:item: Fixed minecraft:item id mismatch thermal:yellow_rockwool: 1364 (init) -> 1389 (map).
[20Nov2025 13:22:38.146] [Render thread/DEBUG] [net.minecraftforge.registries.ForgeRegistry/REGISTRIES]: Registry minecraft:block Sync: ACTIVE -> STAGING
[20Nov2025 13:22:38.153] [Render thread/DEBUG] [net.minecraftforge.registries.ForgeRegistry/REGISTRIES]: Registry minecraft:fluid Sync: ACTIVE -> STAGING
[20Nov2025 13:22:38.153] [Render thread/DEBUG] [net.minecraftforge.registries.ForgeRegistry/REGISTRIES]: Registry minecraft:item Sync: ACTIVE -> STAGING
[20Nov2025 13:22:38.163] [Render thread/DEBUG] [net.minecraftforge.registries.ForgeRegistry/REGISTRIES]: Registry minecraft:mob_effect Sync: ACTIVE -> STAGING
[20Nov2025 13:22:38.165] [Render thread/DEBUG] [net.minecraftforge.registries.ForgeRegistry/REGISTRIES]: Registry minecraft:sound_event Sync: ACTIVE -> STAGING
[20Nov2025 13:22:38.170] [Render thread/DEBUG] [net.minecraftforge.registries.ForgeRegistry/REGISTRIES]: Registry minecraft:potion Sync: ACTIVE -> STAGING
[20Nov2025 13:22:38.170] [Render thread/DEBUG] [net.minecraftforge.registries.ForgeRegistry/REGISTRIES]: Registry minecraft:enchantment Sync: ACTIVE -> STAGING
[20Nov2025 13:22:38.170] [Render thread/DEBUG] [net.minecraftforge.registries.ForgeRegistry/REGISTRIES]: Registry minecraft:entity_type Sync: ACTIVE -> STAGING
[20Nov2025 13:22:38.171] [Render thread/DEBUG] [net.minecraftforge.registries.ForgeRegistry/REGISTRIES]: Registry minecraft:block_entity_type Sync: ACTIVE -> STAGING
[20Nov2025 13:22:38.171] [Render thread/DEBUG] [net.minecraftforge.registries.ForgeRegistry/REGISTRIES]: Registry minecraft:particle_type Sync: ACTIVE -> STAGING
[20Nov2025 13:22:38.172] [Render thread/DEBUG] [net.minecraftforge.registries.ForgeRegistry/REGISTRIES]: Registry minecraft:menu Sync: ACTIVE -> STAGING
[20Nov2025 13:22:38.172] [Render thread/DEBUG] [net.minecraftforge.registries.ForgeRegistry/REGISTRIES]: Registry minecraft:painting_variant Sync: ACTIVE -> STAGING
[20Nov2025 13:22:38.172] [Render thread/DEBUG] [net.minecraftforge.registries.ForgeRegistry/REGISTRIES]: Registry minecraft:recipe_type Sync: ACTIVE -> STAGING
[20Nov2025 13:22:38.172] [Render thread/DEBUG] [net.minecraftforge.registries.ForgeRegistry/REGISTRIES]: Registry minecraft:recipe_serializer Sync: ACTIVE -> STAGING
[20Nov2025 13:22:38.172] [Render thread/DEBUG] [net.minecraftforge.registries.ForgeRegistry/REGISTRIES]: Registry minecraft:attribute Sync: ACTIVE -> STAGING
[20Nov2025 13:22:38.173] [Render thread/DEBUG] [net.minecraftforge.registries.ForgeRegistry/REGISTRIES]: Registry minecraft:stat_type Sync: ACTIVE -> STAGING
[20Nov2025 13:22:38.173] [Render thread/DEBUG] [net.minecraftforge.registries.ForgeRegistry/REGISTRIES]: Registry minecraft:command_argument_type Sync: ACTIVE -> STAGING
[20Nov2025 13:22:38.173] [Render thread/DEBUG] [net.minecraftforge.registries.ForgeRegistry/REGISTRIES]: Registry minecraft:villager_profession Sync: ACTIVE -> STAGING
[20Nov2025 13:22:38.174] [Render thread/DEBUG] [net.minecraftforge.registries.ForgeRegistry/REGISTRIES]: Registry minecraft:point_of_interest_type Sync: ACTIVE -> STAGING
[20Nov2025 13:22:38.175] [Render thread/DEBUG] [net.minecraftforge.registries.ForgeRegistry/REGISTRIES]: Registry minecraft:memory_module_type Sync: ACTIVE -> STAGING
[20Nov2025 13:22:38.175] [Render thread/DEBUG] [net.minecraftforge.registries.ForgeRegistry/REGISTRIES]: Registry minecraft:sensor_type Sync: ACTIVE -> STAGING
[20Nov2025 13:22:38.175] [Render thread/DEBUG] [net.minecraftforge.registries.ForgeRegistry/REGISTRIES]: Registry minecraft:schedule Sync: ACTIVE -> STAGING
[20Nov2025 13:22:38.175] [Render thread/DEBUG] [net.minecraftforge.registries.ForgeRegistry/REGISTRIES]: Registry minecraft:activity Sync: ACTIVE -> STAGING
[20Nov2025 13:22:38.176] [Render thread/DEBUG] [net.minecraftforge.registries.ForgeRegistry/REGISTRIES]: Registry minecraft:worldgen/carver Sync: ACTIVE -> STAGING
[20Nov2025 13:22:38.176] [Render thread/DEBUG] [net.minecraftforge.registries.ForgeRegistry/REGISTRIES]: Registry minecraft:worldgen/feature Sync: ACTIVE -> STAGING
[20Nov2025 13:22:38.176] [Render thread/DEBUG] [net.minecraftforge.registries.ForgeRegistry/REGISTRIES]: Registry minecraft:chunk_status Sync: ACTIVE -> STAGING
[20Nov2025 13:22:38.176] [Render thread/DEBUG] [net.minecraftforge.registries.ForgeRegistry/REGISTRIES]: Registry minecraft:worldgen/block_state_provider_type Sync: ACTIVE -> STAGING
[20Nov2025 13:22:38.176] [Render thread/DEBUG] [net.minecraftforge.registries.ForgeRegistry/REGISTRIES]: Registry minecraft:worldgen/foliage_placer_type Sync: ACTIVE -> STAGING
[20Nov2025 13:22:38.176] [Render thread/DEBUG] [net.minecraftforge.registries.ForgeRegistry/REGISTRIES]: Registry minecraft:worldgen/tree_decorator_type Sync: ACTIVE -> STAGING
[20Nov2025 13:22:38.176] [Render thread/DEBUG] [net.minecraftforge.registries.ForgeRegistry/REGISTRIES]: Registry minecraft:worldgen/biome Sync: ACTIVE -> STAGING
[20Nov2025 13:22:38.176] [Render thread/DEBUG] [net.minecraftforge.registries.ForgeRegistry/REGISTRIES]: Registry forge:entity_data_serializers Sync: ACTIVE -> STAGING
[20Nov2025 13:22:38.177] [Render thread/DEBUG] [net.minecraftforge.registries.ForgeRegistry/REGISTRIES]: Registry forge:global_loot_modifier_serializers Sync: ACTIVE -> STAGING
[20Nov2025 13:22:38.177] [Render thread/DEBUG] [net.minecraftforge.registries.ForgeRegistry/REGISTRIES]: Registry forge:biome_modifier_serializers Sync: ACTIVE -> STAGING
[20Nov2025 13:22:38.177] [Render thread/DEBUG] [net.minecraftforge.registries.ForgeRegistry/REGISTRIES]: Registry forge:fluid_type Sync: ACTIVE -> STAGING
[20Nov2025 13:22:38.177] [Render thread/DEBUG] [net.minecraftforge.registries.ForgeRegistry/REGISTRIES]: Registry forge:structure_modifier_serializers Sync: ACTIVE -> STAGING
[20Nov2025 13:22:38.177] [Render thread/DEBUG] [net.minecraftforge.registries.ForgeRegistry/REGISTRIES]: Registry forge:holder_set_type Sync: ACTIVE -> STAGING
[20Nov2025 13:22:38.177] [Render thread/DEBUG] [net.minecraftforge.registries.ForgeRegistry/REGISTRIES]: Registry forge:display_contexts Sync: ACTIVE -> STAGING
[20Nov2025 13:22:38.177] [Render thread/DEBUG] [net.minecraftforge.registries.ForgeRegistry/REGISTRIES]: Registry thermal_dynamics:grid_type Sync: ACTIVE -> STAGING
[20Nov2025 13:22:38.642] [Render thread/DEBUG] [net.minecraftforge.registries.ObjectHolderRegistry/REGISTRIES]: Applying holder lookups
[20Nov2025 13:22:38.647] [Render thread/DEBUG] [net.minecraftforge.registries.ObjectHolderRegistry/REGISTRIES]: Holder lookups applied
[20Nov2025 13:22:38.683] [Render thread/DEBUG] [net.minecraftforge.server.ServerLifecycleHooks/CORE]: Generating PackInfo named mod:forge for mod file /
[20Nov2025 13:22:38.684] [Render thread/DEBUG] [net.minecraftforge.server.ServerLifecycleHooks/CORE]: Generating PackInfo named mod:cofh_core for mod file C:\Users\sampw\.gradle\caches\forge_gradle\deobf_dependencies\curse\maven\cofhcore-69162\5374122_mapped_official_1.20.1\cofhcore-69162-5374122_mapped_official_1.20.1.jar
[20Nov2025 13:22:38.684] [Render thread/DEBUG] [net.minecraftforge.server.ServerLifecycleHooks/CORE]: Generating PackInfo named mod:curios for mod file C:\Users\sampw\.gradle\caches\forge_gradle\deobf_dependencies\top\theillusivec4\curios\curios-forge\5.9.1+1.20.1_mapped_official_1.20.1\curios-forge-5.9.1+1.20.1_mapped_official_1.20.1.jar
[20Nov2025 13:22:38.685] [Render thread/DEBUG] [net.minecraftforge.server.ServerLifecycleHooks/CORE]: Generating PackInfo named mod:thermal for mod file 
[20Nov2025 13:22:38.685] [Render thread/DEBUG] [net.minecraftforge.server.ServerLifecycleHooks/CORE]: Generating PackInfo named mod:thermal_expansion for mod file C:\Users\sampw\.gradle\caches\forge_gradle\deobf_dependencies\curse\maven\thermalexpansion-69163\5372749_mapped_official_1.20.1\thermalexpansion-69163-5372749_mapped_official_1.20.1.jar
[20Nov2025 13:22:38.685] [Render thread/DEBUG] [net.minecraftforge.server.ServerLifecycleHooks/CORE]: Generating PackInfo named mod:thermal_foundation for mod file C:\Users\sampw\.gradle\caches\forge_gradle\deobf_dependencies\curse\maven\thermalfoundation-222880\5443583_mapped_official_1.20.1\thermalfoundation-222880-5443583_mapped_official_1.20.1.jar
[20Nov2025 13:22:38.686] [Render thread/DEBUG] [net.minecraftforge.server.ServerLifecycleHooks/CORE]: Generating PackInfo named mod:thermal_innovation for mod file C:\Users\sampw\.gradle\caches\forge_gradle\deobf_dependencies\curse\maven\thermalinnovation-291737\5372751_mapped_official_1.20.1\thermalinnovation-291737-5372751_mapped_official_1.20.1.jar
[20Nov2025 13:22:38.686] [Render thread/DEBUG] [net.minecraftforge.server.ServerLifecycleHooks/CORE]: Generating PackInfo named mod:thermal_dynamics for mod file C:\Users\sampw\.gradle\caches\forge_gradle\deobf_dependencies\curse\maven\thermal-dynamics-227443\5372747_mapped_official_1.20.1\thermal-dynamics-227443-5372747_mapped_official_1.20.1.jar
[20Nov2025 13:22:38.689] [Render thread/DEBUG] [net.minecraftforge.server.ServerLifecycleHooks/CORE]: Generating PackInfo named mod:tjetpacks for mod file C:\Local Files\minecraft\Minecraft Mods\Thermal-Jetpacks\build\resources\main
[20Nov2025 13:22:39.650] [Render thread/DEBUG] [net.minecraftforge.coremod.transformer.CoreModBaseTransformer/COREMOD]: Transforming net/minecraft/server/commands/SummonCommand
[20Nov2025 13:22:40.082] [Worker-Main-1/DEBUG] [mixin/]: Mixing MixinNbtPredicate from curios.mixins.json into net.minecraft.advancements.critereon.NbtPredicate
[20Nov2025 13:22:40.148] [Worker-Main-1/DEBUG] [net.minecraftforge.coremod.transformer.CoreModBaseTransformer/COREMOD]: Transforming net/minecraft/world/entity/raid/Raid
[20Nov2025 13:22:40.565] [Render thread/INFO] [net.minecraft.world.item.crafting.RecipeManager/]: Loaded 37 recipes
[20Nov2025 13:22:40.654] [Render thread/INFO] [net.minecraft.advancements.AdvancementList/]: Loaded 1271 advancements
[20Nov2025 13:22:40.665] [Render thread/INFO] [top.theillusivec4.curios.Curios/]: Loaded 10 curio slots
[20Nov2025 13:22:40.670] [Render thread/INFO] [top.theillusivec4.curios.Curios/]: Loaded 2 curio entities
[20Nov2025 13:22:41.053] [Render thread/DEBUG] [thermal/]: Adding default Furnace recipes to the Redstone Furnace...
[20Nov2025 13:22:41.058] [Render thread/DEBUG] [thermal/]: Adding default Log processing recipes to the Sawmill...
[20Nov2025 13:22:41.065] [Render thread/DEBUG] [thermal/]: Adding default Furnace-Based processing recipes to the Pulverizer...
[20Nov2025 13:22:41.072] [Render thread/DEBUG] [thermal/]: Adding default Furnace-Based processing recipes to the Induction Smelter...
[20Nov2025 13:22:41.079] [Render thread/DEBUG] [thermal/]: Adding default Bucket recipes to the Fluid Encapsulator...
[20Nov2025 13:22:41.080] [Render thread/DEBUG] [thermal/]: Adding default Florb recipes to the Fluid Encapsulator...
[20Nov2025 13:22:41.086] [Render thread/DEBUG] [thermal/]: Adding default Potion recipes to the Fluid Encapsulator...
[20Nov2025 13:22:41.086] [Render thread/DEBUG] [thermal/]: Adding default Brewing Stand recipes to the Alchemical Imbuer...
[20Nov2025 13:22:41.149] [Render thread/INFO] [com.lightning323.tjetpacks.ThermalJetpacks/]: Reverting jetpack settings to client config.
[20Nov2025 13:22:41.149] [Render thread/INFO] [com.lightning323.tjetpacks.ThermalJetpacks/]: Client jetpack config successfully reverted.
[20Nov2025 13:22:41.188] [Render thread/DEBUG] [net.minecraftforge.common.ForgeHooks/WP]: Gathering id map for writing to world save New World
[20Nov2025 13:22:41.227] [Render thread/DEBUG] [net.minecraftforge.common.ForgeHooks/WP]: ID Map collection complete New World
[20Nov2025 13:22:41.388] [Server thread/INFO] [net.minecraft.client.server.IntegratedServer/]: Starting integrated minecraft server version 1.20.1
[20Nov2025 13:22:41.388] [Server thread/INFO] [net.minecraft.server.MinecraftServer/]: Generating keypair
[20Nov2025 13:22:41.460] [Server thread/DEBUG] [net.minecraftforge.fml.config.ConfigTracker/CONFIG]: Loading configs type SERVER
[20Nov2025 13:22:41.460] [Server thread/DEBUG] [net.minecraftforge.fml.config.ConfigFileTypeHandler/CONFIG]: Built TOML config for .\saves\New World\serverconfig\curios-server.toml
[20Nov2025 13:22:41.474] [Server thread/DEBUG] [net.minecraftforge.fml.config.ConfigFileTypeHandler/CONFIG]: Loaded TOML config file .\saves\New World\serverconfig\curios-server.toml
[20Nov2025 13:22:41.479] [Server thread/DEBUG] [net.minecraftforge.fml.config.ConfigFileTypeHandler/CONFIG]: Watching TOML config file .\saves\New World\serverconfig\curios-server.toml for changes
[20Nov2025 13:22:41.480] [Server thread/DEBUG] [net.minecraftforge.fml.config.ConfigFileTypeHandler/CONFIG]: Built TOML config for .\saves\New World\serverconfig\forge-server.toml
[20Nov2025 13:22:41.482] [Server thread/DEBUG] [net.minecraftforge.fml.config.ConfigFileTypeHandler/CONFIG]: Loaded TOML config file .\saves\New World\serverconfig\forge-server.toml
[20Nov2025 13:22:41.483] [Server thread/DEBUG] [net.minecraftforge.fml.config.ConfigFileTypeHandler/CONFIG]: Watching TOML config file .\saves\New World\serverconfig\forge-server.toml for changes
[20Nov2025 13:22:41.484] [Server thread/DEBUG] [net.minecraftforge.common.ForgeConfig/FORGEMOD]: Loaded forge config file forge-server.toml
[20Nov2025 13:22:41.487] [Server thread/DEBUG] [net.minecraftforge.fml.config.ConfigFileTypeHandler/CONFIG]: Built TOML config for .\saves\New World\serverconfig\cofh_core-server.toml
[20Nov2025 13:22:41.488] [Server thread/DEBUG] [net.minecraftforge.fml.config.ConfigFileTypeHandler/CONFIG]: Loaded TOML config file .\saves\New World\serverconfig\cofh_core-server.toml
[20Nov2025 13:22:41.489] [Server thread/DEBUG] [net.minecraftforge.fml.config.ConfigFileTypeHandler/CONFIG]: Watching TOML config file .\saves\New World\serverconfig\cofh_core-server.toml for changes
[20Nov2025 13:22:41.492] [Server thread/DEBUG] [net.minecraftforge.fml.config.ConfigFileTypeHandler/CONFIG]: Built TOML config for .\saves\New World\serverconfig\thermal-server.toml
[20Nov2025 13:22:41.495] [Server thread/DEBUG] [net.minecraftforge.fml.config.ConfigFileTypeHandler/CONFIG]: Loaded TOML config file .\saves\New World\serverconfig\thermal-server.toml
[20Nov2025 13:22:41.497] [Server thread/DEBUG] [net.minecraftforge.fml.config.ConfigFileTypeHandler/CONFIG]: Watching TOML config file .\saves\New World\serverconfig\thermal-server.toml for changes
[20Nov2025 13:22:41.535] [Thread-3/DEBUG] [net.minecraftforge.fml.config.ConfigFileTypeHandler/CONFIG]: Config file thermal-server.toml changed, sending notifies
[20Nov2025 13:22:41.581] [Server thread/DEBUG] [net.minecraftforge.coremod.transformer.CoreModBaseTransformer/COREMOD]: Transforming net/minecraft/world/level/levelgen/PhantomSpawner
[20Nov2025 13:22:41.588] [Server thread/DEBUG] [net.minecraftforge.coremod.transformer.CoreModBaseTransformer/COREMOD]: Transforming net/minecraft/world/level/levelgen/PatrolSpawner
[20Nov2025 13:22:41.593] [Server thread/DEBUG] [net.minecraftforge.coremod.transformer.CoreModBaseTransformer/COREMOD]: Transforming net/minecraft/world/entity/npc/CatSpawner
[20Nov2025 13:22:41.597] [Server thread/DEBUG] [net.minecraftforge.coremod.transformer.CoreModBaseTransformer/COREMOD]: Transforming net/minecraft/world/entity/ai/village/VillageSiege
[20Nov2025 13:22:41.872] [Server thread/INFO] [net.minecraft.server.MinecraftServer/]: Preparing start region for dimension minecraft:overworld
[20Nov2025 13:22:43.532] [Server thread/DEBUG] [net.minecraftforge.coremod.transformer.CoreModBaseTransformer/COREMOD]: Transforming net/minecraft/world/level/levelgen/structure/templatesystem/StructureTemplate
[20Nov2025 13:22:44.197] [Render thread/INFO] [net.minecraft.server.level.progress.LoggerChunkProgressListener/]: Preparing spawn area: 0%
[20Nov2025 13:22:44.197] [Render thread/INFO] [net.minecraft.server.level.progress.LoggerChunkProgressListener/]: Preparing spawn area: 0%
[20Nov2025 13:22:44.197] [Render thread/INFO] [net.minecraft.server.level.progress.LoggerChunkProgressListener/]: Preparing spawn area: 0%
[20Nov2025 13:22:44.197] [Render thread/INFO] [net.minecraft.server.level.progress.LoggerChunkProgressListener/]: Preparing spawn area: 0%
[20Nov2025 13:22:44.197] [Render thread/INFO] [net.minecraft.server.level.progress.LoggerChunkProgressListener/]: Preparing spawn area: 0%
[20Nov2025 13:22:44.397] [Render thread/INFO] [net.minecraft.server.level.progress.LoggerChunkProgressListener/]: Preparing spawn area: 0%
[20Nov2025 13:22:44.894] [Render thread/INFO] [net.minecraft.server.level.progress.LoggerChunkProgressListener/]: Preparing spawn area: 29%
[20Nov2025 13:22:45.401] [Render thread/INFO] [net.minecraft.server.level.progress.LoggerChunkProgressListener/]: Preparing spawn area: 76%
[20Nov2025 13:22:45.659] [Server thread/INFO] [net.minecraftforge.server.permission.PermissionAPI/]: Successfully initialized permission handler forge:default_handler
[20Nov2025 13:22:45.659] [Server thread/INFO] [com.lightning323.tjetpacks.ThermalJetpacks/]: Server starting...
[20Nov2025 13:22:45.665] [Render thread/INFO] [net.minecraft.server.level.progress.LoggerChunkProgressListener/]: Time elapsed: 3782 ms
[20Nov2025 13:22:45.755] [Server thread/DEBUG] [io.netty.buffer.AbstractByteBuf/]: -Dio.netty.buffer.checkAccessible: true
[20Nov2025 13:22:45.755] [Server thread/DEBUG] [io.netty.buffer.AbstractByteBuf/]: -Dio.netty.buffer.checkBounds: true
[20Nov2025 13:22:45.757] [Server thread/DEBUG] [io.netty.util.ResourceLeakDetectorFactory/]: Loaded default ResourceLeakDetector: io.netty.util.ResourceLeakDetector@26e72b7d
[20Nov2025 13:22:45.785] [Server thread/DEBUG] [net.minecraftforge.coremod.transformer.CoreModBaseTransformer/COREMOD]: Transforming net/minecraft/world/level/NaturalSpawner
[20Nov2025 13:22:45.837] [Server thread/INFO] [net.minecraft.client.server.IntegratedServer/]: Changing view distance to 12, from 10
[20Nov2025 13:22:45.840] [Server thread/INFO] [net.minecraft.client.server.IntegratedServer/]: Changing simulation distance to 12, from 0
[20Nov2025 13:22:45.857] [Render thread/DEBUG] [io.netty.channel.MultithreadEventLoopGroup/]: -Dio.netty.eventLoopThreads: 32
[20Nov2025 13:22:45.879] [Render thread/DEBUG] [io.netty.util.internal.InternalThreadLocalMap/]: -Dio.netty.threadLocalMap.stringBuilder.initialSize: 1024
[20Nov2025 13:22:45.879] [Render thread/DEBUG] [io.netty.util.internal.InternalThreadLocalMap/]: -Dio.netty.threadLocalMap.stringBuilder.maxSize: 4096
[20Nov2025 13:22:45.904] [Render thread/DEBUG] [io.netty.channel.nio.NioEventLoop/]: -Dio.netty.noKeySetOptimization: false
[20Nov2025 13:22:45.904] [Render thread/DEBUG] [io.netty.channel.nio.NioEventLoop/]: -Dio.netty.selectorAutoRebuildThreshold: 512
[20Nov2025 13:22:45.913] [Render thread/DEBUG] [io.netty.util.internal.PlatformDependent/]: org.jctools-core.MpscChunkedArrayQueue: available
[20Nov2025 13:22:46.006] [Server thread/DEBUG] [mixin/]: Mixing ClientboundSetEntityMotionPacketMixin from mixins.cofhcore.json into net.minecraft.network.protocol.game.ClientboundSetEntityMotionPacket
[20Nov2025 13:22:46.014] [Render thread/DEBUG] [io.netty.channel.DefaultChannelId/]: -Dio.netty.processId: 33688 (auto-detected)
[20Nov2025 13:22:46.017] [Render thread/WARN] [io.netty.util.internal.SystemPropertyUtil/]: Unable to parse the boolean system property 'java.net.preferIPv6Addresses':system - using the default value: false
[20Nov2025 13:22:46.017] [Render thread/DEBUG] [io.netty.util.NetUtil/]: -Djava.net.preferIPv4Stack: false
[20Nov2025 13:22:46.018] [Render thread/DEBUG] [io.netty.util.NetUtil/]: -Djava.net.preferIPv6Addresses: false
[20Nov2025 13:22:46.034] [Render thread/DEBUG] [io.netty.util.NetUtilInitializations/]: Loopback interface: lo (Software Loopback Interface 1, 127.0.0.1)
[20Nov2025 13:22:46.040] [Render thread/DEBUG] [io.netty.util.NetUtil/]: Failed to get SOMAXCONN from sysctl and file \proc\sys\net\core\somaxconn. Default: 200
[20Nov2025 13:22:46.058] [Render thread/DEBUG] [io.netty.channel.DefaultChannelId/]: -Dio.netty.machineId: 84:1b:77:ff:fe:aa:0f:a5 (auto-detected)
[20Nov2025 13:22:46.141] [Render thread/DEBUG] [io.netty.buffer.PooledByteBufAllocator/]: -Dio.netty.allocator.numHeapArenas: 32
[20Nov2025 13:22:46.141] [Render thread/DEBUG] [io.netty.buffer.PooledByteBufAllocator/]: -Dio.netty.allocator.numDirectArenas: 32
[20Nov2025 13:22:46.141] [Render thread/DEBUG] [io.netty.buffer.PooledByteBufAllocator/]: -Dio.netty.allocator.pageSize: 8192
[20Nov2025 13:22:46.141] [Render thread/DEBUG] [io.netty.buffer.PooledByteBufAllocator/]: -Dio.netty.allocator.maxOrder: 9
[20Nov2025 13:22:46.141] [Render thread/DEBUG] [io.netty.buffer.PooledByteBufAllocator/]: -Dio.netty.allocator.chunkSize: 4194304
[20Nov2025 13:22:46.141] [Render thread/DEBUG] [io.netty.buffer.PooledByteBufAllocator/]: -Dio.netty.allocator.smallCacheSize: 256
[20Nov2025 13:22:46.141] [Render thread/DEBUG] [io.netty.buffer.PooledByteBufAllocator/]: -Dio.netty.allocator.normalCacheSize: 64
[20Nov2025 13:22:46.141] [Render thread/DEBUG] [io.netty.buffer.PooledByteBufAllocator/]: -Dio.netty.allocator.maxCachedBufferCapacity: 32768
[20Nov2025 13:22:46.141] [Render thread/DEBUG] [io.netty.buffer.PooledByteBufAllocator/]: -Dio.netty.allocator.cacheTrimInterval: 8192
[20Nov2025 13:22:46.141] [Render thread/DEBUG] [io.netty.buffer.PooledByteBufAllocator/]: -Dio.netty.allocator.cacheTrimIntervalMillis: 0
[20Nov2025 13:22:46.141] [Render thread/DEBUG] [io.netty.buffer.PooledByteBufAllocator/]: -Dio.netty.allocator.useCacheForAllThreads: false
[20Nov2025 13:22:46.141] [Render thread/DEBUG] [io.netty.buffer.PooledByteBufAllocator/]: -Dio.netty.allocator.maxCachedByteBuffersPerChunk: 1023
[20Nov2025 13:22:46.183] [Render thread/DEBUG] [io.netty.buffer.ByteBufUtil/]: -Dio.netty.allocator.type: pooled
[20Nov2025 13:22:46.184] [Render thread/DEBUG] [io.netty.buffer.ByteBufUtil/]: -Dio.netty.threadLocalDirectBufferSize: 0
[20Nov2025 13:22:46.184] [Render thread/DEBUG] [io.netty.buffer.ByteBufUtil/]: -Dio.netty.maxThreadLocalCharBufferSize: 16384
[20Nov2025 13:22:46.277] [Netty Local Client IO #0/DEBUG] [net.minecraftforge.network.HandshakeHandler/FMLHANDSHAKE]: Starting local connection.
[20Nov2025 13:22:46.600] [Netty Local Client IO #0/DEBUG] [io.netty.util.Recycler/]: -Dio.netty.recycler.maxCapacityPerThread: 4096
[20Nov2025 13:22:46.600] [Netty Local Client IO #0/DEBUG] [io.netty.util.Recycler/]: -Dio.netty.recycler.ratio: 8
[20Nov2025 13:22:46.600] [Netty Local Client IO #0/DEBUG] [io.netty.util.Recycler/]: -Dio.netty.recycler.chunkSize: 32
[20Nov2025 13:22:46.600] [Netty Local Client IO #0/DEBUG] [io.netty.util.Recycler/]: -Dio.netty.recycler.blocking: false
[20Nov2025 13:22:46.628] [Netty Server IO #1/DEBUG] [net.minecraftforge.network.HandshakeHandler/FMLHANDSHAKE]: Starting local connection.
[20Nov2025 13:22:46.637] [Server thread/DEBUG] [net.minecraftforge.network.HandshakeHandler/FMLHANDSHAKE]: Sending ticking packet info 'net.minecraftforge.network.HandshakeMessages$S2CModData' to 'fml:handshake' sequence 0
[20Nov2025 13:22:46.648] [Netty Local Client IO #0/DEBUG] [net.minecraftforge.network.LoginWrapper/FMLHANDSHAKE]: Recieved login wrapper packet event for channel fml:handshake with index 0
[20Nov2025 13:22:46.687] [Server thread/DEBUG] [net.minecraftforge.network.HandshakeHandler/FMLHANDSHAKE]: Sending ticking packet info 'net.minecraftforge.network.HandshakeMessages$S2CModList' to 'fml:handshake' sequence 1
[20Nov2025 13:22:46.688] [Netty Local Client IO #0/DEBUG] [net.minecraftforge.network.LoginWrapper/FMLHANDSHAKE]: Recieved login wrapper packet event for channel fml:handshake with index 1
[20Nov2025 13:22:46.689] [Netty Local Client IO #0/DEBUG] [net.minecraftforge.network.HandshakeHandler/FMLHANDSHAKE]: Logging into server with mod list [minecraft, forge, cofh_core, curios, thermal, thermal_expansion, thermal_foundation, thermal_innovation, thermal_dynamics, tjetpacks]
[20Nov2025 13:22:46.693] [Netty Local Client IO #0/DEBUG] [net.minecraftforge.network.NetworkRegistry/NETREGISTRY]: Channel 'thermal_dynamics:general' : Version test of '1' from server : ACCEPTED
[20Nov2025 13:22:46.694] [Netty Local Client IO #0/DEBUG] [net.minecraftforge.network.NetworkRegistry/NETREGISTRY]: Channel 'fml:loginwrapper' : Version test of 'FML3' from server : ACCEPTED
[20Nov2025 13:22:46.694] [Netty Local Client IO #0/DEBUG] [net.minecraftforge.network.NetworkRegistry/NETREGISTRY]: Channel 'forge:tier_sorting' : Version test of '1.0' from server : ACCEPTED
[20Nov2025 13:22:46.694] [Netty Local Client IO #0/DEBUG] [net.minecraftforge.network.NetworkRegistry/NETREGISTRY]: Channel 'fml:handshake' : Version test of 'FML3' from server : ACCEPTED
[20Nov2025 13:22:46.694] [Netty Local Client IO #0/DEBUG] [net.minecraftforge.network.NetworkRegistry/NETREGISTRY]: Channel 'curios:main' : Version test of '1' from server : ACCEPTED
[20Nov2025 13:22:46.694] [Netty Local Client IO #0/DEBUG] [net.minecraftforge.network.NetworkRegistry/NETREGISTRY]: Channel 'cofh_core:general' : Version test of '1' from server : ACCEPTED
[20Nov2025 13:22:46.694] [Netty Local Client IO #0/DEBUG] [net.minecraftforge.network.NetworkRegistry/NETREGISTRY]: Channel 'tjetpacks:tjetpacks' : Version test of '1.0' from server : ACCEPTED
[20Nov2025 13:22:46.694] [Netty Local Client IO #0/DEBUG] [net.minecraftforge.network.NetworkRegistry/NETREGISTRY]: Channel 'minecraft:unregister' : Version test of 'FML3' from server : ACCEPTED
[20Nov2025 13:22:46.694] [Netty Local Client IO #0/DEBUG] [net.minecraftforge.network.NetworkRegistry/NETREGISTRY]: Channel 'fml:play' : Version test of 'FML3' from server : ACCEPTED
[20Nov2025 13:22:46.694] [Netty Local Client IO #0/DEBUG] [net.minecraftforge.network.NetworkRegistry/NETREGISTRY]: Channel 'minecraft:register' : Version test of 'FML3' from server : ACCEPTED
[20Nov2025 13:22:46.694] [Netty Local Client IO #0/DEBUG] [net.minecraftforge.network.NetworkRegistry/NETREGISTRY]: Channel 'forge:split' : Version test of '1.1' from server : ACCEPTED
[20Nov2025 13:22:46.694] [Netty Local Client IO #0/DEBUG] [net.minecraftforge.network.NetworkRegistry/NETREGISTRY]: Accepting channel list from server
[20Nov2025 13:22:46.697] [Netty Local Client IO #0/DEBUG] [net.minecraftforge.network.LoginWrapper/FMLHANDSHAKE]: Dispatching wrapped packet reply for channel fml:handshake with index 1
[20Nov2025 13:22:46.698] [Netty Local Client IO #0/DEBUG] [net.minecraftforge.network.HandshakeHandler/FMLHANDSHAKE]: Accepted server connection
[20Nov2025 13:22:46.698] [Netty Server IO #1/DEBUG] [net.minecraftforge.network.LoginWrapper/FMLHANDSHAKE]: Recieved login wrapper packet event for channel fml:handshake with index 1
[20Nov2025 13:22:46.699] [Netty Server IO #1/DEBUG] [net.minecraftforge.network.HandshakeHandler/FMLHANDSHAKE]: Received client indexed reply 1 of type net.minecraftforge.network.HandshakeMessages$C2SModListReply
[20Nov2025 13:22:46.700] [Netty Server IO #1/DEBUG] [net.minecraftforge.network.HandshakeHandler/FMLHANDSHAKE]: Received client connection with modlist [minecraft, forge, cofh_core, curios, thermal, thermal_expansion, thermal_foundation, thermal_innovation, thermal_dynamics, tjetpacks]
[20Nov2025 13:22:46.700] [Netty Local Client IO #0/DEBUG] [net.minecraftforge.network.HandshakeHandler/REGISTRIES]: Expecting 20 registries: [minecraft:command_argument_type, minecraft:recipe_serializer, minecraft:sound_event, minecraft:particle_type, minecraft:villager_profession, minecraft:item, minecraft:potion, minecraft:painting_variant, forge:fluid_type, minecraft:block_entity_type, forge:display_contexts, minecraft:block, forge:entity_data_serializers, minecraft:mob_effect, minecraft:stat_type, thermal_dynamics:grid_type, minecraft:menu, minecraft:enchantment, minecraft:fluid, minecraft:entity_type]
[20Nov2025 13:22:46.701] [Netty Server IO #1/DEBUG] [net.minecraftforge.network.NetworkRegistry/NETREGISTRY]: Channel 'thermal_dynamics:general' : Version test of '1' from client : ACCEPTED
[20Nov2025 13:22:46.701] [Netty Server IO #1/DEBUG] [net.minecraftforge.network.NetworkRegistry/NETREGISTRY]: Channel 'fml:loginwrapper' : Version test of 'FML3' from client : ACCEPTED
[20Nov2025 13:22:46.701] [Netty Server IO #1/DEBUG] [net.minecraftforge.network.NetworkRegistry/NETREGISTRY]: Channel 'forge:tier_sorting' : Version test of '1.0' from client : ACCEPTED
[20Nov2025 13:22:46.701] [Netty Server IO #1/DEBUG] [net.minecraftforge.network.NetworkRegistry/NETREGISTRY]: Channel 'fml:handshake' : Version test of 'FML3' from client : ACCEPTED
[20Nov2025 13:22:46.701] [Netty Server IO #1/DEBUG] [net.minecraftforge.network.NetworkRegistry/NETREGISTRY]: Channel 'curios:main' : Version test of '1' from client : ACCEPTED
[20Nov2025 13:22:46.701] [Netty Server IO #1/DEBUG] [net.minecraftforge.network.NetworkRegistry/NETREGISTRY]: Channel 'cofh_core:general' : Version test of '1' from client : ACCEPTED
[20Nov2025 13:22:46.701] [Netty Server IO #1/DEBUG] [net.minecraftforge.network.NetworkRegistry/NETREGISTRY]: Channel 'tjetpacks:tjetpacks' : Version test of '1.0' from client : ACCEPTED
[20Nov2025 13:22:46.701] [Netty Server IO #1/DEBUG] [net.minecraftforge.network.NetworkRegistry/NETREGISTRY]: Channel 'minecraft:unregister' : Version test of 'FML3' from client : ACCEPTED
[20Nov2025 13:22:46.701] [Netty Server IO #1/DEBUG] [net.minecraftforge.network.NetworkRegistry/NETREGISTRY]: Channel 'fml:play' : Version test of 'FML3' from client : ACCEPTED
[20Nov2025 13:22:46.701] [Netty Server IO #1/DEBUG] [net.minecraftforge.network.NetworkRegistry/NETREGISTRY]: Channel 'minecraft:register' : Version test of 'FML3' from client : ACCEPTED
[20Nov2025 13:22:46.701] [Netty Server IO #1/DEBUG] [net.minecraftforge.network.NetworkRegistry/NETREGISTRY]: Channel 'forge:split' : Version test of '1.1' from client : ACCEPTED
[20Nov2025 13:22:46.701] [Netty Server IO #1/DEBUG] [net.minecraftforge.network.NetworkRegistry/NETREGISTRY]: Accepting channel list from client
[20Nov2025 13:22:46.702] [Netty Server IO #1/DEBUG] [net.minecraftforge.network.HandshakeHandler/FMLHANDSHAKE]: Accepted client connection mod list
[20Nov2025 13:22:46.736] [Server thread/DEBUG] [net.minecraftforge.network.HandshakeHandler/FMLHANDSHAKE]: Sending ticking packet info 'Config thermal-server.toml' to 'fml:handshake' sequence 2
[20Nov2025 13:22:46.737] [Netty Local Client IO #0/DEBUG] [net.minecraftforge.network.LoginWrapper/FMLHANDSHAKE]: Recieved login wrapper packet event for channel fml:handshake with index 2
[20Nov2025 13:22:46.737] [Netty Local Client IO #0/DEBUG] [net.minecraftforge.network.HandshakeHandler/FMLHANDSHAKE]: Received config sync from server
[20Nov2025 13:22:46.737] [Netty Local Client IO #0/DEBUG] [net.minecraftforge.network.LoginWrapper/FMLHANDSHAKE]: Dispatching wrapped packet reply for channel fml:handshake with index 2
[20Nov2025 13:22:46.738] [Netty Server IO #1/DEBUG] [net.minecraftforge.network.LoginWrapper/FMLHANDSHAKE]: Recieved login wrapper packet event for channel fml:handshake with index 2
[20Nov2025 13:22:46.738] [Netty Server IO #1/DEBUG] [net.minecraftforge.network.HandshakeHandler/FMLHANDSHAKE]: Received client indexed reply 2 of type net.minecraftforge.network.HandshakeMessages$C2SAcknowledge
[20Nov2025 13:22:46.738] [Netty Server IO #1/DEBUG] [net.minecraftforge.network.HandshakeHandler/FMLHANDSHAKE]: Received acknowledgement from client
[20Nov2025 13:22:46.788] [Server thread/DEBUG] [net.minecraftforge.network.HandshakeHandler/FMLHANDSHAKE]: Sending ticking packet info 'Config curios-server.toml' to 'fml:handshake' sequence 3
[20Nov2025 13:22:46.789] [Netty Local Client IO #0/DEBUG] [net.minecraftforge.network.LoginWrapper/FMLHANDSHAKE]: Recieved login wrapper packet event for channel fml:handshake with index 3
[20Nov2025 13:22:46.789] [Netty Local Client IO #0/DEBUG] [net.minecraftforge.network.HandshakeHandler/FMLHANDSHAKE]: Received config sync from server
[20Nov2025 13:22:46.790] [Netty Local Client IO #0/DEBUG] [net.minecraftforge.network.LoginWrapper/FMLHANDSHAKE]: Dispatching wrapped packet reply for channel fml:handshake with index 3
[20Nov2025 13:22:46.790] [Netty Server IO #1/DEBUG] [net.minecraftforge.network.LoginWrapper/FMLHANDSHAKE]: Recieved login wrapper packet event for channel fml:handshake with index 3
[20Nov2025 13:22:46.790] [Netty Server IO #1/DEBUG] [net.minecraftforge.network.HandshakeHandler/FMLHANDSHAKE]: Received client indexed reply 3 of type net.minecraftforge.network.HandshakeMessages$C2SAcknowledge
[20Nov2025 13:22:46.790] [Netty Server IO #1/DEBUG] [net.minecraftforge.network.HandshakeHandler/FMLHANDSHAKE]: Received acknowledgement from client
[20Nov2025 13:22:46.835] [Server thread/DEBUG] [net.minecraftforge.network.HandshakeHandler/FMLHANDSHAKE]: Sending ticking packet info 'Config cofh_core-server.toml' to 'fml:handshake' sequence 4
[20Nov2025 13:22:46.836] [Netty Local Client IO #0/DEBUG] [net.minecraftforge.network.LoginWrapper/FMLHANDSHAKE]: Recieved login wrapper packet event for channel fml:handshake with index 4
[20Nov2025 13:22:46.836] [Netty Local Client IO #0/DEBUG] [net.minecraftforge.network.HandshakeHandler/FMLHANDSHAKE]: Received config sync from server
[20Nov2025 13:22:46.836] [Netty Local Client IO #0/DEBUG] [net.minecraftforge.network.LoginWrapper/FMLHANDSHAKE]: Dispatching wrapped packet reply for channel fml:handshake with index 4
[20Nov2025 13:22:46.836] [Netty Server IO #1/DEBUG] [net.minecraftforge.network.LoginWrapper/FMLHANDSHAKE]: Recieved login wrapper packet event for channel fml:handshake with index 4
[20Nov2025 13:22:46.836] [Netty Server IO #1/DEBUG] [net.minecraftforge.network.HandshakeHandler/FMLHANDSHAKE]: Received client indexed reply 4 of type net.minecraftforge.network.HandshakeMessages$C2SAcknowledge
[20Nov2025 13:22:46.836] [Netty Server IO #1/DEBUG] [net.minecraftforge.network.HandshakeHandler/FMLHANDSHAKE]: Received acknowledgement from client
[20Nov2025 13:22:46.886] [Server thread/DEBUG] [net.minecraftforge.network.HandshakeHandler/FMLHANDSHAKE]: Sending ticking packet info 'Config forge-server.toml' to 'fml:handshake' sequence 5
[20Nov2025 13:22:46.887] [Netty Local Client IO #0/DEBUG] [net.minecraftforge.network.LoginWrapper/FMLHANDSHAKE]: Recieved login wrapper packet event for channel fml:handshake with index 5
[20Nov2025 13:22:46.887] [Netty Local Client IO #0/DEBUG] [net.minecraftforge.network.HandshakeHandler/FMLHANDSHAKE]: Received config sync from server
[20Nov2025 13:22:46.887] [Netty Local Client IO #0/DEBUG] [net.minecraftforge.network.LoginWrapper/FMLHANDSHAKE]: Dispatching wrapped packet reply for channel fml:handshake with index 5
[20Nov2025 13:22:46.889] [Netty Server IO #1/DEBUG] [net.minecraftforge.network.LoginWrapper/FMLHANDSHAKE]: Recieved login wrapper packet event for channel fml:handshake with index 5
[20Nov2025 13:22:46.889] [Netty Server IO #1/DEBUG] [net.minecraftforge.network.HandshakeHandler/FMLHANDSHAKE]: Received client indexed reply 5 of type net.minecraftforge.network.HandshakeMessages$C2SAcknowledge
[20Nov2025 13:22:46.889] [Netty Server IO #1/DEBUG] [net.minecraftforge.network.HandshakeHandler/FMLHANDSHAKE]: Received acknowledgement from client
[20Nov2025 13:22:46.934] [Server thread/DEBUG] [net.minecraftforge.network.HandshakeHandler/FMLHANDSHAKE]: Handshake complete!
[20Nov2025 13:22:46.987] [Netty Local Client IO #0/INFO] [net.minecraftforge.network.NetworkHooks/]: Connected to a modded server.
[20Nov2025 13:22:46.991] [Netty Local Client IO #0/DEBUG] [mixin/]: Mixing ClientPacketListenerMixin from mixins.cofhcore.json into net.minecraft.client.multiplayer.ClientPacketListener
[20Nov2025 13:22:47.094] [Server thread/INFO] [net.minecraft.server.players.PlayerList/]: Dev[local:E:7564a02a] logged in with entity id 82 at (-6.559923600226436, -52.206800146102836, 54.07808289073339)
[20Nov2025 13:22:47.220] [Server thread/INFO] [net.minecraft.server.MinecraftServer/]: Dev joined the game
[20Nov2025 13:22:47.334] [Server thread/INFO] [com.lightning323.tjetpacks.ThermalJetpacks/]: Dev logging in. Syncing server jetpack configs with client.
[20Nov2025 13:22:47.336] [Server thread/INFO] [com.lightning323.tjetpacks.ThermalJetpacks/]: Finished syncing server jetpack configs.
[20Nov2025 13:22:47.695] [Render thread/DEBUG] [thermal/]: Adding default Furnace recipes to the Redstone Furnace...
[20Nov2025 13:22:47.696] [Render thread/DEBUG] [thermal/]: Adding default Log processing recipes to the Sawmill...
[20Nov2025 13:22:47.698] [Render thread/DEBUG] [thermal/]: Adding default Furnace-Based processing recipes to the Pulverizer...
[20Nov2025 13:22:47.699] [Render thread/DEBUG] [thermal/]: Adding default Furnace-Based processing recipes to the Induction Smelter...
[20Nov2025 13:22:47.701] [Render thread/DEBUG] [thermal/]: Adding default Bucket recipes to the Fluid Encapsulator...
[20Nov2025 13:22:47.702] [Render thread/DEBUG] [thermal/]: Adding default Florb recipes to the Fluid Encapsulator...
[20Nov2025 13:22:47.702] [Render thread/DEBUG] [thermal/]: Adding default Potion recipes to the Fluid Encapsulator...
[20Nov2025 13:22:47.702] [Render thread/DEBUG] [thermal/]: Adding default Brewing Stand recipes to the Alchemical Imbuer...
[20Nov2025 13:22:47.746] [Render thread/DEBUG] [thermal/]: Adding default Furnace recipes to the Redstone Furnace...
[20Nov2025 13:22:47.748] [Render thread/DEBUG] [thermal/]: Adding default Log processing recipes to the Sawmill...
[20Nov2025 13:22:47.749] [Render thread/DEBUG] [thermal/]: Adding default Furnace-Based processing recipes to the Pulverizer...
[20Nov2025 13:22:47.750] [Render thread/DEBUG] [thermal/]: Adding default Furnace-Based processing recipes to the Induction Smelter...
[20Nov2025 13:22:47.751] [Render thread/DEBUG] [thermal/]: Adding default Bucket recipes to the Fluid Encapsulator...
[20Nov2025 13:22:47.752] [Render thread/DEBUG] [thermal/]: Adding default Florb recipes to the Fluid Encapsulator...
[20Nov2025 13:22:47.753] [Render thread/DEBUG] [thermal/]: Adding default Potion recipes to the Fluid Encapsulator...
[20Nov2025 13:22:47.753] [Render thread/DEBUG] [thermal/]: Adding default Brewing Stand recipes to the Alchemical Imbuer...
[20Nov2025 13:22:47.763] [Render thread/DEBUG] [thermal/]: Adding default Furnace recipes to the Redstone Furnace...
[20Nov2025 13:22:47.763] [Render thread/DEBUG] [thermal/]: Adding default Log processing recipes to the Sawmill...
[20Nov2025 13:22:47.765] [Render thread/DEBUG] [thermal/]: Adding default Furnace-Based processing recipes to the Pulverizer...
[20Nov2025 13:22:47.766] [Render thread/DEBUG] [thermal/]: Adding default Furnace-Based processing recipes to the Induction Smelter...
[20Nov2025 13:22:47.768] [Render thread/DEBUG] [thermal/]: Adding default Bucket recipes to the Fluid Encapsulator...
[20Nov2025 13:22:47.768] [Render thread/DEBUG] [thermal/]: Adding default Florb recipes to the Fluid Encapsulator...
[20Nov2025 13:22:47.768] [Render thread/DEBUG] [thermal/]: Adding default Potion recipes to the Fluid Encapsulator...
[20Nov2025 13:22:47.768] [Render thread/DEBUG] [thermal/]: Adding default Brewing Stand recipes to the Alchemical Imbuer...
[20Nov2025 13:22:48.268] [Render thread/INFO] [net.minecraft.advancements.AdvancementList/]: Loaded 22 advancements
[20Nov2025 13:22:50.310] [Render thread/DEBUG] [io.netty.util.internal.ThreadLocalRandom/]: -Dio.netty.initialSeedUniquifier: 0x9bc991d988c6f6b0
[20Nov2025 13:23:04.660] [Server thread/INFO] [net.minecraft.client.server.IntegratedServer/]: Saving and pausing game...
[20Nov2025 13:23:04.678] [Server thread/INFO] [net.minecraft.server.MinecraftServer/]: Saving chunks for level 'ServerLevel[New World]'/minecraft:overworld
[20Nov2025 13:23:04.694] [Server thread/INFO] [net.minecraft.server.MinecraftServer/]: Saving chunks for level 'ServerLevel[New World]'/minecraft:the_end
[20Nov2025 13:23:04.698] [Server thread/INFO] [net.minecraft.server.MinecraftServer/]: Saving chunks for level 'ServerLevel[New World]'/minecraft:the_nether
[20Nov2025 13:23:04.703] [Server thread/DEBUG] [net.minecraftforge.common.ForgeHooks/WP]: Gathering id map for writing to world save New World
[20Nov2025 13:23:04.717] [Server thread/DEBUG] [net.minecraftforge.common.ForgeHooks/WP]: ID Map collection complete New World
[20Nov2025 13:24:15.960] [Server thread/INFO] [net.minecraft.client.server.IntegratedServer/]: Saving and pausing game...
[20Nov2025 13:24:15.985] [Server thread/INFO] [net.minecraft.server.MinecraftServer/]: Saving chunks for level 'ServerLevel[New World]'/minecraft:overworld
[20Nov2025 13:24:15.993] [Server thread/INFO] [net.minecraft.server.MinecraftServer/]: Saving chunks for level 'ServerLevel[New World]'/minecraft:the_end
[20Nov2025 13:24:15.996] [Server thread/INFO] [net.minecraft.server.MinecraftServer/]: Saving chunks for level 'ServerLevel[New World]'/minecraft:the_nether
[20Nov2025 13:24:16.001] [Server thread/DEBUG] [net.minecraftforge.common.ForgeHooks/WP]: Gathering id map for writing to world save New World
[20Nov2025 13:24:16.007] [Server thread/DEBUG] [net.minecraftforge.common.ForgeHooks/WP]: ID Map collection complete New World
[20Nov2025 13:24:17.710] [Server thread/INFO] [net.minecraft.client.server.IntegratedServer/]: Saving and pausing game...
[20Nov2025 13:24:17.744] [Server thread/INFO] [net.minecraft.server.MinecraftServer/]: Saving chunks for level 'ServerLevel[New World]'/minecraft:overworld
[20Nov2025 13:24:17.755] [Server thread/INFO] [net.minecraft.server.MinecraftServer/]: Saving chunks for level 'ServerLevel[New World]'/minecraft:the_end
[20Nov2025 13:24:17.757] [Server thread/INFO] [net.minecraft.server.MinecraftServer/]: Saving chunks for level 'ServerLevel[New World]'/minecraft:the_nether
[20Nov2025 13:24:17.760] [Server thread/DEBUG] [net.minecraftforge.common.ForgeHooks/WP]: Gathering id map for writing to world save New World
[20Nov2025 13:24:17.767] [Server thread/DEBUG] [net.minecraftforge.common.ForgeHooks/WP]: ID Map collection complete New World
